name,content,score,create_time,user_url
蕴O,总体还是不错的。大堂设计还是不错的，酒店内部设施一般，。,5,2019-07-12,https://m.mafengwo.cn/nb/public/sharejump.php?type=25&uid=82416155
晴,很棒。设施齐全，舒适度很好，别人都夸我会挑地方。艺术品一样的酒店。主要是挨着博览中心，第二天亚宠展过条马路就进去了。酒廊的服务人员可以多点，或者热情点。坐角落里他们看不到我qwq。,5,2019-07-12,https://m.mafengwo.cn/nb/public/sharejump.php?type=25&uid=52770372
zsyzzhouyang,酒店非常好，免费升级到行政套房，估计近百方，太赞了，设施也很先进，地铁七号线花木路出口，对面是嘉里城，离第二天去的迪士尼自驾13.2公里，总之很满意,5,2018-07-31,https://m.mafengwo.cn/nb/public/sharejump.php?type=25&uid=71407108
iroroo,很好有C再,5,2018-07-30,https://m.mafengwo.cn/nb/public/sharejump.php?type=25&uid=19953972
|翰,美好的体验！特别精致！下次还来！,5,2019-07-12,https://m.mafengwo.cn/nb/public/sharejump.php?type=25&uid=81818596
朱h,m合商粘霾 下班後能在酒店放休息。房g敞 l浴也很大 床舒m柔 工作人TB度H切嵝 健身房的女士更衣g 置物的配浜苜N心。l浴_澡的水^使用^不方便 希望照明可多一c白簟,5,2019-07-12,https://m.mafengwo.cn/nb/public/sharejump.php?type=25&uid=34352786
汪love喵,对于参加展会来说位置绝对是一流的，比对面的嘉里中心便宜很多，服务好像也比以前更加好了。周边配套也比前几年多了很多。,5,2015-09-12,https://m.mafengwo.cn/nb/public/sharejump.php?type=25&uid=19964379
violeticejiejie,环境好！服务好！酒店很新干净！下次还会入住！！,5,2015-09-10,https://m.mafengwo.cn/nb/public/sharejump.php?type=25&uid=39543718
duckling,各方面都不错的五星级酒店，招待高级别的客户推荐,5,2015-09-06,https://m.mafengwo.cn/nb/public/sharejump.php?type=25&uid=58317183
当瘦猴遇见企鹅,交通方便，设施先进，房间干净，温馨舒适，适合旅游度假,5,2015-09-06,https://m.mafengwo.cn/nb/public/sharejump.php?type=25&uid=83873691
nantesnantes,价格比较高，里面设施高档，交通方便，就在会展中心对面,5,2015-09-06,https://m.mafengwo.cn/nb/public/sharejump.php?type=25&uid=45990231
tiancaihuifeng,酒店浓浓的中式风情，房间很大，但墙纸有脱落了，床品很舒服，卫生间很大，不局促，布局合理，备品也还不错，纯天然的味道，酒店泳池偏小了，早餐也不够丰盛，但瑞士的hero果酱很好吃。,5,2015-09-06,https://m.mafengwo.cn/nb/public/sharejump.php?type=25&uid=77463610
liuyuchenlove,地方有点偏，不过有地铁站就在楼下，去机场高速或者磁悬浮都很方便，楼下是正大喜马拉雅中心，对面是嘉里中心，吃喝玩乐一条龙。,5,2015-09-06,https://m.mafengwo.cn/nb/public/sharejump.php?type=25&uid=64270170
荷塘飘雨,再次入住感觉很棒，周边设施也比较齐全，健身中心和大堂特别不错，服务态度也棒，有早餐这种价格非常实惠，值得推荐。,5,2015-09-05,https://m.mafengwo.cn/nb/public/sharejump.php?type=25&uid=19994408
shixiang,很不错的体验，酒店设施很新，大堂非常有设计感，还有送早餐，相当实惠。唯一不足的是被charge了高速网费一百多元，没有提示-_-#,5,2015-09-05,https://m.mafengwo.cn/nb/public/sharejump.php?type=25&uid=65013507
王萍lst,交通便捷，门口就是地铁，附近就餐选择也很多，酒店的建筑风格是中国风的，很有特色。,5,2015-09-03,https://m.mafengwo.cn/nb/public/sharejump.php?type=25&uid=52089031
qinying,酒店环境不错啊，离展览中心很近，坐车很方便,5,2015-09-03,https://m.mafengwo.cn/nb/public/sharejump.php?type=25&uid=79403760
腾空小孩子,周边环境不错，交通特别方便，卫生也不错！,5,2015-08-31,https://m.mafengwo.cn/nb/public/sharejump.php?type=25&uid=68390602
laogongzhenzhen,酒店环境很好~离新国际博览中心很近~值得推荐~房间的窗口可以看到新国际~下次来新国际中心的话还会入住~,5,2015-08-26,https://m.mafengwo.cn/nb/public/sharejump.php?type=25&uid=87502797
cici妙妙,第一次住这个酒店！下面有商场方便！挺干净的！离大拇指广场很近！上高架方便！！,5,2015-08-25,https://m.mafengwo.cn/nb/public/sharejump.php?type=25&uid=54436904
auromaa,挺好的，已经在这里住过两次了，下次还会再来的,5,2015-08-24,https://m.mafengwo.cn/nb/public/sharejump.php?type=25&uid=30228951
落落微微i,没房间了给升级到高层。要说的是酒店的床太舒服了！住过不少五星级的酒店，它家的床软硬舒适度是最舒服的～下次还去～,5,2015-09-13,https://m.mafengwo.cn/nb/public/sharejump.php?type=25&uid=84625331
paopao_,酒店不错，上次行政房还多了卫洗丽，这次早餐在二楼，品种和类别都没原来好,5,2015-09-13,https://m.mafengwo.cn/nb/public/sharejump.php?type=25&uid=38247404
橘子酱大盗,硬件很好，但软件服务并不出色，第一次住卓美亚，有点小失望，大堂太压抑了点，很暗，早餐还可以。800多含双早还是性价比高的，床特别舒服，洗手间两个水槽更方便。,5,2015-09-13,https://m.mafengwo.cn/nb/public/sharejump.php?type=25&uid=43868980
xf_yoyo,参加展会预定的，酒店很赞，离展馆很近哦。,5,2015-09-13,https://m.mafengwo.cn/nb/public/sharejump.php?type=25&uid=72217334
haoshujia,"这家酒店怎么可以不是5分，他们有最好吃的布朗尼！另外很喜欢前台的Ada, 笑容很甜美，check in &amp; check out 都是她帮我们做的，见到她会很开心??",5,2015-09-13,https://m.mafengwo.cn/nb/public/sharejump.php?type=25&uid=82048806
woshiyoukedejiejie,做为五星酒店中规中矩，不出彩也说不上哪里不好，性价比还是蛮高的，下次有机会还会入住,5,2015-09-13,https://m.mafengwo.cn/nb/public/sharejump.php?type=25&uid=64673536
jianminmetals,酒店很美，感觉很好很舒服.交通方便地铁口就在边上.,5,2015-09-13,https://m.mafengwo.cn/nb/public/sharejump.php?type=25&uid=39304201
gz路人甲,非常nice的酒店，早餐也不错，环境很好，设施都比较新，感觉也很温馨舒适，酒店里还碰到了很多漂亮的国际航班的空姐，也是很好的风景线呢，呵呵,5,2015-09-13,https://m.mafengwo.cn/nb/public/sharejump.php?type=25&uid=60591092
smthbamboo,"出门就是地铁站，酒店附近选择吃的东西还挺多,人不是很多。",5,2015-09-13,https://m.mafengwo.cn/nb/public/sharejump.php?type=25&uid=82898070
酸甜苦辣咸丫...,酒店环境装潢不错，服务也挺好，希望自助餐更丰富些，亲子设施更多点,5,2015-09-13,https://m.mafengwo.cn/nb/public/sharejump.php?type=25&uid=19990164
永远的蜜糖儿,酒店就在展会对面，非常方便。对带着小孩于公于私的人来说是再方便不过了！前台的姐姐也粉好人哦!赞?,5,2015-09-13,https://m.mafengwo.cn/nb/public/sharejump.php?type=25&uid=54853116
vivi,可惜入住当天泳池不能用。酒店环境是不错的。相当满意。,5,2015-09-13,https://m.mafengwo.cn/nb/public/sharejump.php?type=25&uid=19970955
OK啦啦唔,环境好，周边设施全，很安静又不失热闹和繁华。,5,2015-09-13,https://m.mafengwo.cn/nb/public/sharejump.php?type=25&uid=19956758
jiumei,带孩子出游还是比较方便的，出门就是地铁站，而且酒店附近选择吃的东西还挺多。如果是休闲游，带孩子游个泳还是不错，人不是很多。,5,2015-09-13,https://m.mafengwo.cn/nb/public/sharejump.php?type=25&uid=44179807
cindydoll,因为展会的原因，位置非常方便，地铁花木路站上来就是。酒店设施、服务、早餐等都很满意，就是房间价格随不同的展会，浮动太大了。,5,2015-09-13,https://m.mafengwo.cn/nb/public/sharejump.php?type=25&uid=50307034
xuweizhong,为了看展览订的这家酒店，交通很方便。客服也很积极，能体谅客人,5,2015-09-13,https://m.mafengwo.cn/nb/public/sharejump.php?type=25&uid=37617498
zying,房间大气，空调特别安静，早餐也很丰富多样,5,2015-09-13,https://m.mafengwo.cn/nb/public/sharejump.php?type=25&uid=79604766
逗子LL,住宿h境不e，但wifii住protocol，ν膺B不便，ν砺每筒环奖,5,2015-09-17,https://m.mafengwo.cn/nb/public/sharejump.php?type=25&uid=19965784
ymymym,离上海国际展览中心很近，地铁口就在门口，方便快捷,5,2015-09-13,https://m.mafengwo.cn/nb/public/sharejump.php?type=25&uid=69766857
sinsdy,还不错吧，我是帮单位里的同事订的。因为对面是浦东新国际展览中心，离地铁口也很近，交通比较方便。应该是去展会时的不二选择.,5,2015-09-13,https://m.mafengwo.cn/nb/public/sharejump.php?type=25&uid=55703324
juntso,总体感觉不错，服务很到位很周到，房间干净，早餐种类超多，无愧五星级！,5,2015-09-13,https://m.mafengwo.cn/nb/public/sharejump.php?type=25&uid=73516953
豆芽是个天才,出入便利，周边餐饮较多；服务不错，价格合适。,5,2015-09-13,https://m.mafengwo.cn/nb/public/sharejump.php?type=25&uid=54275311
很水的水水,还不错吧，我是帮单位里的同事订的。因为对面是浦东新国际展览中心，离地铁口也很近，交通比较方便。应该是去展会时的不二选择,5,2015-09-13,https://m.mafengwo.cn/nb/public/sharejump.php?type=25&uid=30200332
风太大听不见,酒店的环境非常好，酒店中的早餐非常不错，非常的干净整洁交通也非常方便。,5,2015-09-13,https://m.mafengwo.cn/nb/public/sharejump.php?type=25&uid=31364585
chartonzz,"酒店设施非常好.房间很大.利浦东博览中心非常近,就在马路对面.酒店早餐和中餐都不错.酒店服务业非常好.",5,2015-09-13,https://m.mafengwo.cn/nb/public/sharejump.php?type=25&uid=19958891
狂奔的候鸟,非常不错，周边也比较方便，离世纪公园很近，空气非常好,5,2015-09-13,https://m.mafengwo.cn/nb/public/sharejump.php?type=25&uid=46203183
shadowchen,硬件条件真心好，要是单价再合理一点就更完美了,5,2015-09-13,https://m.mafengwo.cn/nb/public/sharejump.php?type=25&uid=37222771
gundam,离会展中心近 服务员态度都很友善 离市中心太远了,5,2015-09-13,https://m.mafengwo.cn/nb/public/sharejump.php?type=25&uid=68878247
幸福一家阿,于浦东新国博对面，地铁7号线口，交通非常方便。房间方正，床比较软，很舒服。卫生状况好。早餐比较普通，好吃的不多，唯一地亮点是色拉台的油醋汁，是我吃过的最好的,5,2015-09-13,https://m.mafengwo.cn/nb/public/sharejump.php?type=25&uid=19995314
levelkings,酒店内部装修很大气，很喜欢……服务很贴心……,5,2015-09-13,https://m.mafengwo.cn/nb/public/sharejump.php?type=25&uid=84115737
njzhch,离新国际博览中心近，交通方便。附近餐饮业多,5,2015-09-13,https://m.mafengwo.cn/nb/public/sharejump.php?type=25&uid=77152681
zhoujayjay,住在17楼，房间有会客沙发，洗手间布局合理，晒衣绳卡口上下装反了，窗外屋顶花园，绿化良好。楼层老员工带领新员工现场工作指导，周末的上午特别注意DND，见到我提醒新员工让客人先行。游池小了点，健身器材是泰诺健比较齐全，每周三住店客人可预约学太极。早餐品种繁多，蛋卷好吃(汤臣洲际应派厨师来学学。大堂一楼字画签赏，千字文特色。,5,2015-09-13,https://m.mafengwo.cn/nb/public/sharejump.php?type=25&uid=46042257
彩色石choc,感觉就是国内住过性价比最高的酒店，服务超级好，房费含双早，房间很大，配套设施完美。商务旅行，你值得拥有！,5,2015-09-13,https://m.mafengwo.cn/nb/public/sharejump.php?type=25&uid=19995933
噜噜juicy,不错哦。     你说你那少男少女男生你那男女神女神女神奶奶说奶奶说呢,5,2015-09-13,https://m.mafengwo.cn/nb/public/sharejump.php?type=25&uid=35676575
zhliuxiao,已经住了好多次了。比起嘉里大酒店信价比高多了。交通方便，七号线花木路下来就到了。去嘉里城和国际博览中心过个马路就到了。,5,2015-09-13,https://m.mafengwo.cn/nb/public/sharejump.php?type=25&uid=76594768
tiantian,酒店的房间很有感觉 客房味道很舒服闻起来 酒店服务也很好 餐厅吃饭环境很好 有自助 有专厅 很好的酒店,5,2015-09-13,https://m.mafengwo.cn/nb/public/sharejump.php?type=25&uid=59292821
小若璀,酒店很不错，房间够大，位置也很好，住了几十次了，到浦东首选,5,2015-09-13,https://m.mafengwo.cn/nb/public/sharejump.php?type=25&uid=19994651
tonychen,去上海参加展会，酒店就在会展中心对面，对我来说位置好极了，那天飞机晚点，到酒店已经快12点了，给我的房间居然是异形的，无奈跟前台要求调换，等的都快睡着了，中间还打了两次电话，总算给我换了，到新房间已经过了12点，第二天了。洗漱用品不用欧舒丹，换了别的牌子，早餐依然是不错！,5,2015-09-13,https://m.mafengwo.cn/nb/public/sharejump.php?type=25&uid=78163974
qinqin,酒店就在地铁站边上，我们是春节期间去的，房价很优惠，而且到酒店因为打扫速度的问题给我连升了两级住了行政房，行政房面积很大，布置不错，我和老公都很喜欢。有机会去上海会再次选择的。,5,2015-09-13,https://m.mafengwo.cn/nb/public/sharejump.php?type=25&uid=40891356
binbin,很干净，什么都好，就是早餐实在太差和五星真的不配。,5,2015-09-13,https://m.mafengwo.cn/nb/public/sharejump.php?type=25&uid=64379862
gbbasketball,位置好、设施好、服务好、卫生好、房间大。,5,2015-09-13,https://m.mafengwo.cn/nb/public/sharejump.php?type=25&uid=57554430
机灵的小猪,酒店位置不错，离展览馆几步之遥，出门就是地铁站，房间设施很好，前台服务很热情，酒店整体卫生都不错，值得推荐。,5,2015-09-13,https://m.mafengwo.cn/nb/public/sharejump.php?type=25&uid=19984441
camel,替公司领导预定的酒店，一切都蛮好的，而且当时价格蛮优惠,5,2015-09-13,https://m.mafengwo.cn/nb/public/sharejump.php?type=25&uid=71990997
dasdas,酒店挺不错的，早餐也很好吃，就是价格好贵,5,2015-09-13,https://m.mafengwo.cn/nb/public/sharejump.php?type=25&uid=68410982
wx_wx,就是图方便，在展会对面，附近的配套还没上来,5,2015-09-13,https://m.mafengwo.cn/nb/public/sharejump.php?type=25&uid=82246294
wenxiao,环境不错，只是早点品种不太习惯，大部分都是面包点心,5,2015-09-13,https://m.mafengwo.cn/nb/public/sharejump.php?type=25&uid=73237561
雨萱儿,环境很好，非常适合小朋友的亲子游，自助餐很丰盛，服务很好,5,2015-09-13,https://m.mafengwo.cn/nb/public/sharejump.php?type=25&uid=19997796
O尾巴草O,酒店地点很好，地铁就在门口，去浦东机场很方便大约30分钟车程。酒店早餐丰富，附近也有很多吃饭的地方，酒店卫生和服务都值得称赞。,5,2015-09-13,https://m.mafengwo.cn/nb/public/sharejump.php?type=25&uid=19913452
xiang,都很好，唯一的}是Q5000米的空中花@M不去,5,2015-09-13,https://m.mafengwo.cn/nb/public/sharejump.php?type=25&uid=84436482
Charles,临近地铁。交通方便。浦东花木的CBD。艺术气息浓厚，非常好的酒店。,5,2015-09-13,https://m.mafengwo.cn/nb/public/sharejump.php?type=25&uid=19998051
可爱懒女人,很不错，环境好，房间也挺大的。茶壶挺喜欢的，洗漱用品也不错。去磁悬浮方便。  隔音效果能再好点就好了，晚上还是能听到一些噪音。  早餐种类很多，很丰富。,5,2015-09-13,https://m.mafengwo.cn/nb/public/sharejump.php?type=25&uid=36996287
robertljs,各方面都特别好！环境，服务都很好，主要是为了参加展会，这个酒店就在展会对面，完美！,5,2015-09-13,https://m.mafengwo.cn/nb/public/sharejump.php?type=25&uid=49920991
鬼林copy,大堂的中国古典文化气息及艺术文化特色，真心非常好。,5,2015-09-13,https://m.mafengwo.cn/nb/public/sharejump.php?type=25&uid=87159983
lynn_liubj,哦??来??咯??哦??最??墨??迹??古??墓??h??i??l??l??图??,5,2015-09-13,https://m.mafengwo.cn/nb/public/sharejump.php?type=25&uid=54004677
dancingfishlai,你??后??悔??咯??牙??搜??一??搜??哦??脱??罪??口??技??,5,2015-09-13,https://m.mafengwo.cn/nb/public/sharejump.php?type=25&uid=55017763
kawayiyatou,"酒店在上海浦东,酒店很新,设施很好,卫生和服务都是值得称赞的,下次如果有机会我们还是愿意再次来这个酒店入住.",5,2015-09-13,https://m.mafengwo.cn/nb/public/sharejump.php?type=25&uid=76057692
盛夏de果冻,非常不错，就在展馆对面，非常火爆，很好的入住体验,5,2015-09-13,https://m.mafengwo.cn/nb/public/sharejump.php?type=25&uid=69762330
胖and豆,非常喜欢酒店的风格，中国传统元素的完美呈现。如果在上海要我推荐一家中国特色酒店，这家绝对首选。    位于世纪公园旁，也有相应的购物商场，电影院等，是高端大气上档次，人流量又不会特别密集的好去处。,5,2015-09-13,https://m.mafengwo.cn/nb/public/sharejump.php?type=25&uid=40354336
leemarkgz,酒店不错，闹中取静，旁边就是演艺厅，吃饭休闲都不错。酒店的早餐一般吧！,5,2015-09-13,https://m.mafengwo.cn/nb/public/sharejump.php?type=25&uid=85412246
小玩家闹闹,价格未涨之前，性价比特别高，自助早餐很不错,5,2015-09-13,https://m.mafengwo.cn/nb/public/sharejump.php?type=25&uid=86761965
zzlycc,位于浦东新国博对面，地铁7号线口，交通非常方便。房间方正，床比较软，很舒服。卫生状况好。早餐比较普通，好吃的不多，唯一地亮点是色拉台的油醋汁，是我吃过的最好的。,5,2015-09-13,https://m.mafengwo.cn/nb/public/sharejump.php?type=25&uid=33836932
qingtianwawa,酒店设计很有特色，听说是迪拜塔的设计师，服务好，房间大，附近餐厅多，很多美食。,5,2015-09-13,https://m.mafengwo.cn/nb/public/sharejump.php?type=25&uid=84454051
gcykitty,出乎意料的赞，大厅头顶的电子屏很美，早餐很不错，地点也方便好找，离嘉里中心就是一个马路，赶上好多国际航班的机组人员一起入住，总体感觉很好,5,2015-09-13,https://m.mafengwo.cn/nb/public/sharejump.php?type=25&uid=76708601
evaluu,很可惜订完了，没有来的及住，不过看着还不错哦，下回有机会一定要住一次，外观也很好，价格在同类酒店里也是很合适的,5,2015-09-13,https://m.mafengwo.cn/nb/public/sharejump.php?type=25&uid=59253125
minniedodo,我住17楼，临近展览中心，那个房间的噪音偏大。其他一如既往的不错！,5,2015-09-13,https://m.mafengwo.cn/nb/public/sharejump.php?type=25&uid=77067962
xuerendejia,very nice.酒店设施很好，早餐不错，服务也比较到位，除了这个特殊时间的特别贵的价格外，其他都是很不错的。当然这价格在同类酒店里已经很实惠了。,5,2015-09-13,https://m.mafengwo.cn/nb/public/sharejump.php?type=25&uid=71614141
beibei,干净，也安静，装修很喜欢。服务意识，就普通,5,2015-09-13,https://m.mafengwo.cn/nb/public/sharejump.php?type=25&uid=52437553
kawai,地理位置很好，对面就是嘉里城，整个大堂很气派，古色古香，大堂顶部好像是巨大的LED屏，从月圆到月缺，到祥云。行政层从电梯出来就很宽敞，房间是中式布置，看得出是特别定制的木条，很有感觉。床品很亲肤，床垫是较软的那种，睡得很舒适。,5,2015-09-13,https://m.mafengwo.cn/nb/public/sharejump.php?type=25&uid=32305134
lncgj,给同事订的，听说很满意。只住了一晚，没时间体验酒店里的设施。,5,2015-09-13,https://m.mafengwo.cn/nb/public/sharejump.php?type=25&uid=80009125
muwenjie_,酒店已经住过几次了，整体还是很好的，我个人很喜欢,5,2015-09-13,https://m.mafengwo.cn/nb/public/sharejump.php?type=25&uid=73276553
AK.苏克,酒店还不错。离汤臣高尔夫球场很近。所以选择这家酒店。,5,2015-09-13,https://m.mafengwo.cn/nb/public/sharejump.php?type=25&uid=19969698
bellevie,前台服务态度平平，房间隔音还算不错，还可以。,5,2015-09-13,https://m.mafengwo.cn/nb/public/sharejump.php?type=25&uid=61972821
北方网狼,位置很好，靠近地铁。早餐很棒。每次来上海都入住这家酒店，就是有些小贵。,5,2015-09-13,https://m.mafengwo.cn/nb/public/sharejump.php?type=25&uid=19942769
njzgydlp,非常不错，约了朋友在酒店喝茶，经济实惠，又舒服，下次还来～～,5,2015-09-13,https://m.mafengwo.cn/nb/public/sharejump.php?type=25&uid=53839289
xiaojiewd,给同事订的酒店，环境很不错，定过好几次了。,5,2015-09-13,https://m.mafengwo.cn/nb/public/sharejump.php?type=25&uid=74603355
纳兰小小刀,酒店环境很好，离磁悬浮近适合隔天去浦东机场的任何行程安排。房间里设备也不错，满意。,5,2015-09-13,https://m.mafengwo.cn/nb/public/sharejump.php?type=25&uid=30210092
一分钟的感动,送女朋友回学校路这边，意外遇到惊喜升级行政套房，酒店服务很不错，装修也很豪华，房间干净配备齐全，日化都是欧舒丹的，唯一不足是早餐虽然服务很好东西也不少，但是并不是特别可口,5,2015-09-13,https://m.mafengwo.cn/nb/public/sharejump.php?type=25&uid=19995397
whhelin,帮朋友预定的，第二天早上要去浦东机场... 地理位置优越... 干净舒适,5,2015-09-13,https://m.mafengwo.cn/nb/public/sharejump.php?type=25&uid=78556841
manmanliao,里面的沐浴用品不是欧舒丹了，有点小失望，现在里面的沐浴用品是一个澳洲的牌子，味道不是很喜欢。之前第一次来的时候，他们免费帮我们升了套房，感觉超级好！这次又过来住了，是豪华房，跟套房差好多哦，有对比了，感觉这次房间好小…,5,2015-09-13,https://m.mafengwo.cn/nb/public/sharejump.php?type=25&uid=82873741
袋袋的大脑袋,非常不错的酒店。离展馆非常近，位置来说非常好。酒店房间很大，  老外同事选择的这个酒店，非常值得推荐啦。,5,2015-09-13,https://m.mafengwo.cn/nb/public/sharejump.php?type=25&uid=73484674
mangbaobao,梳子是那种塑料的 梳在头皮上很疼 希望换成木头的 房间很舒服 服务也不错,5,2015-09-13,https://m.mafengwo.cn/nb/public/sharejump.php?type=25&uid=82966033
tianwenwenhe,非常不错的酒店。前台接待很热情和细心，甚至会询问你是否需要两张房门卡。酒店的早餐品种丰富，服务员很勤快和服务周到。,5,2015-09-13,https://m.mafengwo.cn/nb/public/sharejump.php?type=25&uid=46685079
S乐,地理位置相当好，周边餐饮非常多，酒店也很不错，下次还会选择这里,5,2015-09-13,https://m.mafengwo.cn/nb/public/sharejump.php?type=25&uid=19997707
jo_jessica,免费给升级了房间，真是太好了，比一般的五星要好的多,5,2015-09-13,https://m.mafengwo.cn/nb/public/sharejump.php?type=25&uid=53191305
zoeliuting,房间升级到带客厅的房间，只可惜是内景，其他都棒,5,2015-09-13,https://m.mafengwo.cn/nb/public/sharejump.php?type=25&uid=36491859
xiajie,地理位置优越，门口就是地铁，酒店新，服务好，还免费升级了房间，还会再选择入住,5,2015-09-13,https://m.mafengwo.cn/nb/public/sharejump.php?type=25&uid=62068221
maidikai,酒店大堂超级棒！房间也非常好！住着很舒服，因为第二天要赶飞机，起床早了，要不可以睡到中午。,5,2015-09-13,https://m.mafengwo.cn/nb/public/sharejump.php?type=25&uid=30049171
feiyang,酒店设施较新，第一次入住获得升级待遇，点赞！离展会中心很近，极为方便。下次还会入住。,5,2015-09-13,https://m.mafengwo.cn/nb/public/sharejump.php?type=25&uid=35286389
unaliu,在大堂偶遇阿联酋航空美女帅哥们，房间很大，视野很好，非常满意的一次体验,5,2015-09-13,https://m.mafengwo.cn/nb/public/sharejump.php?type=25&uid=64644160
但求优雅转身,恍恍惚惚恍恍惚惚恍恍惚惚恍恍惚惚恍恍惚惚恍恍惚惚恍恍惚惚好,5,2015-09-13,https://m.mafengwo.cn/nb/public/sharejump.php?type=25&uid=42538274
oxqo,给同事订的出差酒店，环境是没得说，而且不像一般五星级，还是很有特色的…不错,5,2015-09-13,https://m.mafengwo.cn/nb/public/sharejump.php?type=25&uid=19969015
standrewsscotland,房间布置细节很不错,5,2015-04-23,https://m.mafengwo.cn/nb/public/sharejump.php?type=25&uid=73889200
zerocci,非常满意，一直很爱这个酒店，洗漱用品很棒，房间真心棒，给我升级了，超级大,5,2015-09-13,https://m.mafengwo.cn/nb/public/sharejump.php?type=25&uid=85803924
flyba,酒店位置在浦东新区，周围配套很齐全，停车很方便，酒店服务也很细致，性价比很高的酒店！,5,2015-09-13,https://m.mafengwo.cn/nb/public/sharejump.php?type=25&uid=79005771
那年那山那人,非常好的一次住宿感觉，酒店装饰非常有特色，外墙内饰无一不体现出酒店的吸引，卫生间洗漱用品也是很不错的，服务好，交通便利，最主要这家酒店的早餐太赞了，是我这个经常出差的人早餐最好的一次。以后去浦东还会选择！,5,2015-09-13,https://m.mafengwo.cn/nb/public/sharejump.php?type=25&uid=68445449
nessice,不错，喜欢卓美亚的装修风格！早餐没说的那么差，还可以的,5,2015-09-13,https://m.mafengwo.cn/nb/public/sharejump.php?type=25&uid=86288359
scott_gsm,位置好房间很新很大，附近嘉里中心吃饭也很方便,5,2015-09-13,https://m.mafengwo.cn/nb/public/sharejump.php?type=25&uid=37649005
玩神的玩偶,很喜欢的一家酒店，环境好，设施新，服务到位,5,2015-09-13,https://m.mafengwo.cn/nb/public/sharejump.php?type=25&uid=69263739
doudou,位于浦东博览中心边上，周边配套完善，交通方便，房间设施较新，服务较好，卫浴设施齐备，早餐丰富，品种繁多，是一个好的而选择。,5,2015-09-13,https://m.mafengwo.cn/nb/public/sharejump.php?type=25&uid=85905905
kkeeaai,很好，选择了好几次的酒店，帮朋友订的，很满意！,5,2015-09-13,https://m.mafengwo.cn/nb/public/sharejump.php?type=25&uid=87236725
stinkypongy,很不错，交通便利，周围吃饭的地方也多，性价比也高！,5,2015-09-13,https://m.mafengwo.cn/nb/public/sharejump.php?type=25&uid=74721071
yjhuang,女儿去面试  我帮着选择的这家  应该都不错哦,5,2015-09-13,https://m.mafengwo.cn/nb/public/sharejump.php?type=25&uid=76938998
fuweibaby,酒店位置好，逛街吃饭看电影都一栋楼搞定。健身房也不错，正好两天下雨，就不出门啦,5,2015-09-13,https://m.mafengwo.cn/nb/public/sharejump.php?type=25&uid=36516273
simmmon,很不错的酒店，周边商圈很成熟，饮食购物都方便，早餐很精美，下次还会选择入住,5,2015-09-13,https://m.mafengwo.cn/nb/public/sharejump.php?type=25&uid=67205528
huntxia,电视机的个别频道有兹兹声，希望能调试下，都很满意,5,2015-09-13,https://m.mafengwo.cn/nb/public/sharejump.php?type=25&uid=46101302
minka_x,位置很好，旁边就是7号线地铁站，另外2号线地铁站也不是很远。另外，旁边有嘉里中心和喜马拉雅商场，吃饭购物都很方便。酒店本身很新，设施不错，房间也很大，整体感觉很好，强烈推荐！,5,2015-09-13,https://m.mafengwo.cn/nb/public/sharejump.php?type=25&uid=83352946
huangyingcncn,交通便利门口就是地铁7号线花木路站，酒店斜对面就是嘉里城购物中心；五星酒店设施良好，设计风格是中国风，床和枕头偏软，个人觉得很舒服！,5,2015-09-13,https://m.mafengwo.cn/nb/public/sharejump.php?type=25&uid=48182648
爱吃草的饼饼,房间空间大，有小客厅，干净简洁。过街的嘉里中心很值得逛逛。酒店的早餐品种不多，有待提高。近世纪公园和磁悬浮，出行方便周围环境好。到浦东机场只要35分钟。,5,2015-09-13,https://m.mafengwo.cn/nb/public/sharejump.php?type=25&uid=73149460
小泥巴,整体感觉非常的不错。下次如果再去世纪公园附近，应该还会选择这家酒店。,5,2015-09-13,https://m.mafengwo.cn/nb/public/sharejump.php?type=25&uid=19996429
小楫夜泊,酒店很好，周围环境不错，游泳健身环境也很好，早餐吃的也挺舒心。,5,2015-09-13,https://m.mafengwo.cn/nb/public/sharejump.php?type=25&uid=19959839
yuanpiaodefengye,地段是真好，就在新国际博览中心对面，步行到世纪公园也就十分钟多一点，走三分钟就有一条美食街，韩国烤肉，日本料理，各种地方菜，很明显迎合附近来自全国各地乃至全球的居民。酒店本身很中式风格，包括大堂及房间，泡一壶茶，看CNN，有意思。酒店是卓美亚管理，很多中东一带的客人。旁边的喜马拉雅中心，也值得逛逛。非常满意的一次入住。,5,2015-09-13,https://m.mafengwo.cn/nb/public/sharejump.php?type=25&uid=46200026
bobabcd,酒店设施一流，服务不知是否因人而易，未问我是否要两张房卡，未问我是否停车，豪华房有大小，给我小的，争取后换了大的，对洋人笑对我严肃，可能洋人和他们比较亲。,5,2015-09-13,https://m.mafengwo.cn/nb/public/sharejump.php?type=25&uid=66741374
karenese,一到浦东就是要入住卓美亚喜马拉雅。还是那么舒心。地理位置还是那么方便。我好感谢前台的王博，那种向像家人般的服务。还有前台的冯威，那么多次的麻烦，还是那么彬彬有礼。七星级的服务。感谢他们，设备，地理位置是不能升级的。但是服务一年比一年好。很开心。希望保持。坚持。辛苦了。,5,2015-09-13,https://m.mafengwo.cn/nb/public/sharejump.php?type=25&uid=32481675
kukki,"豪华房已满,免费升级行政房!服务没的说,不愧为五星!",5,2015-09-13,https://m.mafengwo.cn/nb/public/sharejump.php?type=25&uid=61738402
懒兔范范,酒店非常中式化，舒适，早餐也还丰盛，离世纪公园不远，步行过去还是比较便利的,5,2015-09-13,https://m.mafengwo.cn/nb/public/sharejump.php?type=25&uid=19924320
u_银子_u,性价比很高的一家酒店，入住时因没有打扫完毕，免费升级套房，非常好的服务态度,5,2015-09-13,https://m.mafengwo.cn/nb/public/sharejump.php?type=25&uid=68297613
羊肉卷和洋甘菊,环境不错，服务态度好，卫生，下次还会选择这家酒店住,5,2015-09-13,https://m.mafengwo.cn/nb/public/sharejump.php?type=25&uid=77811304
aishengbo,帮老公出差定的，到酒店时间已经很晚了，免费升级行政房，特别好！只可惜没有拍照片，下次还会去住的,5,2015-09-13,https://m.mafengwo.cn/nb/public/sharejump.php?type=25&uid=58278008
wowowo,据说是按七星标准建造，这个无感，但是就建筑本身而言是很有特色的，一楼大堂设计的也别具一格,5,2015-09-13,https://m.mafengwo.cn/nb/public/sharejump.php?type=25&uid=51116811
喵喵_wow,房间装修风格很赞，面积够大，房内用品质量都很好，尤其是酒店早餐真的大赞，品种丰富，服务意识很高…周末价格便宜，非常值得一住！,5,2015-09-13,https://m.mafengwo.cn/nb/public/sharejump.php?type=25&uid=66588843
安稳亚萨,很不错的酒店~当时是第二天要去跑color run住下的。硬件很新，服务也ok的~,5,2015-09-13,https://m.mafengwo.cn/nb/public/sharejump.php?type=25&uid=19990396
tinafotvb,酒店外表朴实、大堂很惊艳，服务人员都很热情。强烈推荐！,5,2015-09-13,https://m.mafengwo.cn/nb/public/sharejump.php?type=25&uid=33747576
疏烟淡日,服务很不错，设施也很完备，早餐蛮棒的，品种多，服务好。 唯一缺憾就是房间面积有点小，跟卫生间一样大，卫生间倒是真的大,5,2015-09-13,https://m.mafengwo.cn/nb/public/sharejump.php?type=25&uid=19996643
shkid,很不错 酒店很干净 由于年会的关系 酒店的餐厅人有些多  但还是在范围之内 地处优越 很方便  有免费停车场,5,2015-09-13,https://m.mafengwo.cn/nb/public/sharejump.php?type=25&uid=47280451
shadowchen,非常大气的酒店大堂，顶部LED分绚丽。房间古色古香，周边设施完善。,5,2015-09-13,https://m.mafengwo.cn/nb/public/sharejump.php?type=25&uid=37222771
issuelove,新酒店，老板住的还算满意，不枉它那个高昂的定价，下次老板来还会定,5,2015-09-13,https://m.mafengwo.cn/nb/public/sharejump.php?type=25&uid=19996541
cbxwh,环境不错！金发大堂经理门口迎宾！够B格！大堂吧的装置艺术作品很棒！,5,2015-09-13,https://m.mafengwo.cn/nb/public/sharejump.php?type=25&uid=71905104
fancia,房间干净 环境好 周边环境好行 离会展中心近 酒店下面就是地铁 出行很方便,5,2015-09-13,https://m.mafengwo.cn/nb/public/sharejump.php?type=25&uid=48242435
xuhangoscar,迪拜帆船的酒店品牌，还有什么好说的呢，一流的酒店。,5,2015-09-13,https://m.mafengwo.cn/nb/public/sharejump.php?type=25&uid=59231294
syzxgood,无可挑剔的宾馆，无论是设计、设施、卫生、服务还是地理位置都尽善尽美,5,2015-09-13,https://m.mafengwo.cn/nb/public/sharejump.php?type=25&uid=61213205
kangsi,第二次入住了还是一如既往的好，备品换了哈哈原来是欧舒丹,5,2015-09-13,https://m.mafengwo.cn/nb/public/sharejump.php?type=25&uid=56340652
joyleong,酒店环境很好，设施也不错，新国际博览中心就在对面，幸好定的早，太方便了,5,2015-09-13,https://m.mafengwo.cn/nb/public/sharejump.php?type=25&uid=31719831
你又走向风中,再次的入住依然很满意。入住期间天气不好一直下雨，出门一趟长靴子遭殃了，酒店有免费擦鞋服务，往前台打个电话立刻来人取走了靴子，15分钟后送回来一看，哇！我的靴子又复活了，感谢酒店的温馨服务！非常喜欢房间的装饰风格以及舒适的床上用品，如常有优惠特价房的话，会继续考虑下次入住。,5,2015-09-13,https://m.mafengwo.cn/nb/public/sharejump.php?type=25&uid=83050703
wuxivera,地理位置处在浦东金融中心，去展会或出行都方便，酒店硬件和软件都不错,5,2015-09-13,https://m.mafengwo.cn/nb/public/sharejump.php?type=25&uid=64888105
翻车鱼,酒店位置很好，房间不错，特别是酒店对面的公园很大，适合饭后散步，附近马路树木很多，很舒服，适合休闲游居住的酒店。,5,2015-09-13,https://m.mafengwo.cn/nb/public/sharejump.php?type=25&uid=19921190
xusin,以前都只是去那吃牛排，这次情人节为了制造浪漫选的，各方面都很不错,5,2015-09-13,https://m.mafengwo.cn/nb/public/sharejump.php?type=25&uid=19957056
clare,酒店本身挺不错，出门就是地铁站，百米就是综合体，酒店房间干净整洁，服务热情，自助早餐也挺丰盛,5,2015-09-13,https://m.mafengwo.cn/nb/public/sharejump.php?type=25&uid=44568571
lilyzhou_,很豪华的酒店，帆船旗下管理酒店！对面马路是嘉里城及会展！,5,2015-09-13,https://m.mafengwo.cn/nb/public/sharejump.php?type=25&uid=80637305
lincoln,酒店很棒，基本来浦东就住这里，房间大位置好，服务棒,5,2015-09-13,https://m.mafengwo.cn/nb/public/sharejump.php?type=25&uid=39578093
qcg12,还行，就是酒店颜色暗了点，大概就是这个样子吧,5,2015-09-13,https://m.mafengwo.cn/nb/public/sharejump.php?type=25&uid=19965344
happice蓝色飞鱼,非常舒适的酒店，交通便利，楼下就是地铁站，对面就是上海国际展览中心，对参展相当方便，早餐很棒，周围用餐也方便,5,2015-09-13,https://m.mafengwo.cn/nb/public/sharejump.php?type=25&uid=38902346
晓瑷,酒店很不错，性价比很高，就是早餐很不爽，还要排队,5,2015-09-13,https://m.mafengwo.cn/nb/public/sharejump.php?type=25&uid=19963288
左岸yan,酒店环境很好，交通非常便利，我们是去上海自驾游，车停酒店停车场，停车免费，出去都是坐地铁，到科技馆2站路，陆家嘴5站路，酒店门口就有7号线，早饭虽然不够丰富但是能吃饱了，餐桌太少，坐休息区吃早饭不舒服,5,2015-09-13,https://m.mafengwo.cn/nb/public/sharejump.php?type=25&uid=36918252
tianmao,酒店房间很好，床很舒服；酒店就在地铁7号线3号出口旁边，出行很方便；酒店对面就是上海新国际博览中心。早餐很好，可以免费游泳和健身。申请的特殊价格，性价比高。下次还会入住。,5,2015-09-13,https://m.mafengwo.cn/nb/public/sharejump.php?type=25&uid=80751228
雨中霞,酒店真的不错 但是第二天就碰到了有团队 房价直接飙升 只有换酒店了,5,2015-09-13,https://m.mafengwo.cn/nb/public/sharejump.php?type=25&uid=19960981
kobe,房间真不错，早餐太一般了，地理位置好，总之，觉得很划算！开心,5,2015-09-13,https://m.mafengwo.cn/nb/public/sharejump.php?type=25&uid=19924014
gaoliz,非常好的酒店 希望下次再去入住。非常好啊,5,2015-09-13,https://m.mafengwo.cn/nb/public/sharejump.php?type=25&uid=44140487
musicfish,总体很好，除了个别前台服务员态度傲慢，欠缺培训,5,2015-09-13,https://m.mafengwo.cn/nb/public/sharejump.php?type=25&uid=73652728
robertljs,地铁直达，交通方便，又比较安静。早晚健身很方便舒适，酒店服务周到，房间硬件也不错，总之性价比高，非常满意！,5,2015-09-13,https://m.mafengwo.cn/nb/public/sharejump.php?type=25&uid=49920991
jackweung,一如既往的好，周围配套方便，吃饭出行都便捷,5,2015-09-13,https://m.mafengwo.cn/nb/public/sharejump.php?type=25&uid=74552883
comeonbaby,过年人挺多的 早餐要排队 卫生间很大 房间面积一般,5,2015-09-13,https://m.mafengwo.cn/nb/public/sharejump.php?type=25&uid=43543809
喵喵_wow,很好的酒店，就是位置有点偏，性价比很高，有吃有喝有玩,5,2015-09-13,https://m.mafengwo.cn/nb/public/sharejump.php?type=25&uid=66588843
大福的漂亮,酒店很时尚，也很有文化氛围。感觉很大气。 酒店的房间宽敞明亮，穿很大很舒服，卫生间十分宽敞，浴缸淋浴分开，使用很方便。早餐也很丰富，食物品质丰富。 酒店的位置很方便，在嘉里中心附近，吃喝出行都很便捷。 总体来说，很好的入住经历，各方面都很满意。,5,2015-09-13,https://m.mafengwo.cn/nb/public/sharejump.php?type=25&uid=19991683
ronald,大厅很大气，中国风十足。房间里也是中国韵味，还送了水果点心。健身器材新。泳池虽然不大，但水深，舒服。更衣室有个热石池，还有冰房，火房。不错。,5,2015-09-13,https://m.mafengwo.cn/nb/public/sharejump.php?type=25&uid=58794664
mingdaiding,出门就是7号线花木站，离2号线10分钟路程。旁边是商场电影院，对面是浦东嘉里不夜城和美食街。房间设施很好，淋浴用品很赞，健身中心特别喜欢。大堂很有特色。早餐很好，就是要排队，早餐的那个男经理很好,5,2015-09-13,https://m.mafengwo.cn/nb/public/sharejump.php?type=25&uid=39064642
arielchen,出门就是7号线花木站，离2号线10分钟路程。旁边是商场电影院，对面是浦东嘉里不夜城和美食街。房间设施很好，淋浴用品很赞，健身中心特别喜欢。大堂很有特色。早餐很好，就是要排队，早餐的那个男经理很好。,5,2015-09-13,https://m.mafengwo.cn/nb/public/sharejump.php?type=25&uid=84225018
cbxwh,值得太值得了。值得太值得了。值得太值得了。值得太值得了。值得太值得了。值得太值得了。值得太值得了。值得太值得了。值得太值得了。值得太值得了。,5,2015-09-13,https://m.mafengwo.cn/nb/public/sharejump.php?type=25&uid=71905104
bestwallace,环境，地段，交通，价格，包括边上的配套均为一流的，顺利看了一场电影,5,2015-09-13,https://m.mafengwo.cn/nb/public/sharejump.php?type=25&uid=78181539
自驾狂于乐乐,整体而言还是很不错的，就是电视节目非常模糊,5,2015-09-13,https://m.mafengwo.cn/nb/public/sharejump.php?type=25&uid=85944446
hey_snow,很好 房g服丈是超的老外  很友好,5,2015-09-13,https://m.mafengwo.cn/nb/public/sharejump.php?type=25&uid=19992814
chamonixdl,很不错的酒店，价格适中，只是大堂/房间的灯光略暗,5,2015-09-13,https://m.mafengwo.cn/nb/public/sharejump.php?type=25&uid=84212854
寒梅,酒店很有设计感，不愧为卓美亚在中国的揭幕作。只是地下车库大多为立体库位，停车不够方便。,5,2015-09-13,https://m.mafengwo.cn/nb/public/sharejump.php?type=25&uid=19981361
likego,酒店非常不错，服务非常周到。酒店大堂和客房内具有非常强烈的东方气息，文艺氛围很浓。主题性非常鲜明，禅宗，自然可以从主题装饰中体现出来。酒店设计者把酒店的主题性设计的非常统一协调，如电梯内的背景装饰条和客房内的手动窗帘图案，餐厅内的葫芦装饰品和电梯葫芦形的提示灯，客房内的线条硬朗简约的灯饰和卫浴设备等，整体设计风格非常协调。酒店设计师在细节上也考虑比较周全，在床头柜下面有个应急小手电筒，一拿出来就会发光，无需去找按钮开关。因为是五星级酒店，一些标配肯定是有的，舒适的床和空间宽敞的浴室等。值得一提的是，浴室内的浴缸非常干净，一般浴缸用手指去摸的话，多少都会一些粉末之类的东东，这次用手去摸一下，浴缸表面非常干净光滑。酒店客房的隔音效果还可以，入住当天晚上12点，周围居民放了很多鞭炮（为了迎财神），在客房内听到的不是很吵的爆炸声，是类似一个个水泡破掉的闷闷的“啵啵”声。 酒店的早餐是比较偏西式的早餐，中式的早餐的数量相对不是很多，我老公就觉得一般般，找不到太多和他胃口的东东（有些食物是需要等候厨师烧的，他看等的人比较多，懒得等了），我觉得还不错，可以找到很多好吃的食物。当天早餐，由于客人数量众多，因此需要排队就餐（因为座位不足，我还是第一次碰到这种情况），虽然不喜欢排队，不过对酒店人员的服务态度还是很满意的，心情也没变差。 退房也超级快，问了一下有没有动冰箱内的食物，就放我们走了，嘿嘿！,5,2015-09-13,https://m.mafengwo.cn/nb/public/sharejump.php?type=25&uid=50944360
whzctt,环境幽静 服务一流 周边配套设施齐全 团购价格实惠,5,2015-09-13,https://m.mafengwo.cn/nb/public/sharejump.php?type=25&uid=60389260
winnie_yu,服务好 下次还会选择这里 总之都很nice,5,2015-09-13,https://m.mafengwo.cn/nb/public/sharejump.php?type=25&uid=37884202
wenjing,因为想去世纪公园，所以选择的这个酒店，第一次住，感觉很好，很满意。环境好，有文化氛围，服务也好，下次还会来这住的。,5,2015-09-13,https://m.mafengwo.cn/nb/public/sharejump.php?type=25&uid=34562515
jenny_dancing,829房间非常不错。大堂别致。交通方便。,5,2015-09-13,https://m.mafengwo.cn/nb/public/sharejump.php?type=25&uid=63816117
bibubibu,设施都不错，早餐很好。周边有嘉里中心，吃饭都很方便。,5,2015-09-13,https://m.mafengwo.cn/nb/public/sharejump.php?type=25&uid=67164223
karenese,酒店富有文艺气息，硬件设施也不错，周围吃饭很方便。,5,2015-09-13,https://m.mafengwo.cn/nb/public/sharejump.php?type=25&uid=32481675
wendyfengliyun,入住的时候升级了，进去一看房间好大，还安排了宝宝床，感觉早餐还要提高些质量,5,2015-09-13,https://m.mafengwo.cn/nb/public/sharejump.php?type=25&uid=81101492
小蜡烛六六,最小的豪华间！没有浴缸！电视信号差，声音断续！空调太热，其他还好。,5,2015-09-13,https://m.mafengwo.cn/nb/public/sharejump.php?type=25&uid=67748605
daisy的爱爱,很不错的酒店，地理位置也挺好，离高架近，周围吃的地方也多。 酒店设施较新，中式装修风格，略显凝重。 早餐人比较多，服务员来不及招呼，可能需要再增加些人手。,5,2015-09-13,https://m.mafengwo.cn/nb/public/sharejump.php?type=25&uid=79439156
raykan,大堂比较黑 可能就这种风格吧 早餐厅在改造 吃的不舒服,5,2015-09-13,https://m.mafengwo.cn/nb/public/sharejump.php?type=25&uid=41318907
genbenhenshuai,非常棒..非常棒..非常棒..非常棒..非常棒..非常棒..非常棒..非常棒..非常棒..非常棒..非常棒..非常棒..非常棒..非常棒..非常棒..非常棒..非常棒..非常棒..非常棒..,5,2015-09-13,https://m.mafengwo.cn/nb/public/sharejump.php?type=25&uid=48706696
windy_sun,非常棒..非常棒..非常棒..非常棒..非常棒..非常棒..非常棒..非常棒..非常棒..非常棒..非常棒..非常棒..非常棒..非常棒..非常棒..非常棒..非常棒..非常棒..非常棒..非常棒..非常棒..非常棒..非常棒..非常棒..,5,2015-09-13,https://m.mafengwo.cn/nb/public/sharejump.php?type=25&uid=53576632
苦哈哈的人民教师,非常棒..非常棒..非常棒..非常棒..非常棒..非常棒..非常棒..非常棒..非常棒..非常棒..非常棒..非常棒..非常棒..非常棒..非常棒..,5,2015-09-13,https://m.mafengwo.cn/nb/public/sharejump.php?type=25&uid=19955334
丫丫lyy,新年在这个酒店度过，有表演，丰富的要晚餐，非常好！,5,2015-09-13,https://m.mafengwo.cn/nb/public/sharejump.php?type=25&uid=76959748
bairui,入住我觉得最好的酒店，一直很满意的酒店，绝对的赞！,5,2015-09-13,https://m.mafengwo.cn/nb/public/sharejump.php?type=25&uid=82928260
xiaobailongyy,房间很大，酒店环境还不错。早餐数量有待提高，房间打扫的也很干净,5,2015-09-13,https://m.mafengwo.cn/nb/public/sharejump.php?type=25&uid=31389557
yeefear,位于新博览中心地区，房间是拐角的一间，所以没想象的大；早餐丰富但摆放有些散以至于离开时才看到咖啡在哪里；整个饭店艺术气息浓烈,5,2015-09-13,https://m.mafengwo.cn/nb/public/sharejump.php?type=25&uid=64521128
mec_cme,大堂很有特色，房间有独立的会客区，很喜欢的一家酒店。,5,2015-09-13,https://m.mafengwo.cn/nb/public/sharejump.php?type=25&uid=39358564
乖乖北瓜虫,服务态度很好，早餐可以，很不错的五星级酒店，床也舒服，我定的房后来酒店还跟我升级了，房间带小客厅，地铁就在酒店旁，交通都很方便,5,2015-09-13,https://m.mafengwo.cn/nb/public/sharejump.php?type=25&uid=82972114
lastfishcyn,第一次住 还行 有些细节值得称赞 楼下的商场还在养商期,5,2015-09-13,https://m.mafengwo.cn/nb/public/sharejump.php?type=25&uid=38200433
川流不息v,住过很多次的酒店，非常喜欢的一家。房间简洁舒适，员工都很热情，见面都会主动问好，早餐种类很丰富，之前住的悦榕庄完全没法比。性价比非常高的酒店！,5,2015-09-13,https://m.mafengwo.cn/nb/public/sharejump.php?type=25&uid=82494618
阴雨中的太阳,服务很好，性价比好高，还帮我升级房间，房间很大，有点公寓式,5,2015-09-13,https://m.mafengwo.cn/nb/public/sharejump.php?type=25&uid=40541795
能吃三个派,高大上的酒店，早餐也不错，商场影院都有，非常方便，喜欢了,5,2015-09-13,https://m.mafengwo.cn/nb/public/sharejump.php?type=25&uid=35408675
go_teki,位置好、设施新、服务好、卫生好、房间大。,5,2015-09-13,https://m.mafengwo.cn/nb/public/sharejump.php?type=25&uid=39101698
mozhizhao,中式元素的运用影像深刻，和现代的融合，非常好的酒店。,5,2015-09-13,https://m.mafengwo.cn/nb/public/sharejump.php?type=25&uid=61329413
xiaolixun_ing,硬件条件非常好，女儿很喜欢里面的游泳池。,5,2015-09-13,https://m.mafengwo.cn/nb/public/sharejump.php?type=25&uid=39942471
恋上苦咖啡sophia,酒店的环境和卫生设施相当不错，唯一不足的是游泳池小了点,5,2015-09-13,https://m.mafengwo.cn/nb/public/sharejump.php?type=25&uid=56005193
freeskier,总体还行吧 房间一般洗浴用品和健身房桑拿很好,5,2015-09-13,https://m.mafengwo.cn/nb/public/sharejump.php?type=25&uid=78540751
zippo_time,很超值。房间宽敞。健身中心人很少，基本属于包场，器械使用方便，据说不住店的客人来消费一次300元，顿时觉得房费的性价比真高。早餐也丰富，水果还包含草莓、红毛丹等。服务人员也挺客气。大堂极有中国特色，难忘，中国书画地位凸显。,5,2015-09-13,https://m.mafengwo.cn/nb/public/sharejump.php?type=25&uid=54270248
希希mami,再次的入住依然很喜欢。床和枕头非常柔软，晚上总是睡不踏实的我一觉睡到大天亮。旁边就是地铁站，去市区非常方便。就是洗漱间里的洗漱用品换成了不知名的品牌，有点不满意，上次入住时都是欧舒丹的，不过润肤霜用后感还不错。600多的性价比很满意，今后如还能是这促销价会再考虑入住。,5,2015-09-13,https://m.mafengwo.cn/nb/public/sharejump.php?type=25&uid=54310381
白骨琉,大堂太漂亮了，特别有特色，感觉非常好。 房间也不错。 就是以前是欧舒丹洗浴用品，现在变成不知名牌子了。,5,2015-09-13,https://m.mafengwo.cn/nb/public/sharejump.php?type=25&uid=19933275
dreamingcaty,店硬w均佳，地理位置非常好，值得推]的好店。,5,2015-09-13,https://m.mafengwo.cn/nb/public/sharejump.php?type=25&uid=74363479
liuwanli,600多含双早的价位非常超值，酒店门口就是7号线3号口，对面是嘉里城，周边餐饮巨多，非常方便。房间硬件很棒，用材考究，服务到位，早餐丰富，美味可口，入住体验颇佳。,5,2015-09-13,https://m.mafengwo.cn/nb/public/sharejump.php?type=25&uid=42582235
cool小孩,性价比还是不错的，周边吃饭购物都很方便，服务也很好,5,2015-09-13,https://m.mafengwo.cn/nb/public/sharejump.php?type=25&uid=36915425
sylviezhan,特价定的标准间，感觉很值。内部中式风格的装修，马桶和洗澡梳妆分开的。没有外表那么有个性。看展览的时候可是真心很贵很贵啊。,5,2015-09-13,https://m.mafengwo.cn/nb/public/sharejump.php?type=25&uid=86554491
lilin,酒店非常不错，性价比较高！早餐也不错！值得推荐,5,2015-09-13,https://m.mafengwo.cn/nb/public/sharejump.php?type=25&uid=40694457
xixidudu,酒店各方面都很好，早餐也很好，房间的床品也很好，浴室最好有一次性的拖鞋就好了，还有就是最好有备用药品。,5,2015-09-13,https://m.mafengwo.cn/nb/public/sharejump.php?type=25&uid=64381032
yanse_xixi,代朋友定的房间，听讲房间设施相当不错，值得推荐,5,2015-09-13,https://m.mafengwo.cn/nb/public/sharejump.php?type=25&uid=60739199
微露清愁,h境相不e，整理也很乾Q，住起硐喈舒服。有不e的健身房，游泳池。三嘏e面有冰室，算是比^特e的，下次再回到相同地方的主要x瘛,5,2015-09-13,https://m.mafengwo.cn/nb/public/sharejump.php?type=25&uid=19995441
hzhruc,700不到能住到这样的标准很超值！总体来说还不错,5,2015-09-13,https://m.mafengwo.cn/nb/public/sharejump.php?type=25&uid=34043080
lanmaoabc,这个酒店很不错 2014开业 很新很大很舒适 美中不足的是 可能由于餐厅装修 早餐还排队了。。,5,2015-09-13,https://m.mafengwo.cn/nb/public/sharejump.php?type=25&uid=47256770
宝宝爱贝贝_,酒店整体不错，从设施到早餐。唯独感觉毛巾有点脏； 酒店服务良莠不齐，包括退房时对客户行李置之不顾。洗衣店来收衣服暂时做到临近入口消费区被赶走-_- 酒店周边方便热闹，下次去浦东机场估计会试试嘉里,5,2015-09-13,https://m.mafengwo.cn/nb/public/sharejump.php?type=25&uid=55784346
瓦塔西哇tono,酒店非常不错，高端大气，我是通过代理预订的，价格也很便宜，周围配套很多，还有地铁，总之各方面都不错。,5,2015-09-13,https://m.mafengwo.cn/nb/public/sharejump.php?type=25&uid=67901826
最好的妈妈,很有特色的酒店，配置档次也很到位，酒店位置比较好，楼下就是地铁！对面就是吃饭一条街道！很方便！酒店和房间内部环境也不错，值得推荐！,5,2015-09-13,https://m.mafengwo.cn/nb/public/sharejump.php?type=25&uid=58746327
汉将,内部环境、装修风格都十分满意. 只是浴室为何没有帘幕,5,2015-09-13,https://m.mafengwo.cn/nb/public/sharejump.php?type=25&uid=19991601
河海大学陈学明,我们一共入住了4个晚上，是非常愉快的入住经历。 酒店的位置很方便，在浦东国展中心旁边，离浦东国际机场大概130 块左右的出租车费用。 酒店的装饰很大气，色调稍显暗，但是很有文化氛围。 早餐很不错，品质很好。服务员热情细心。 酒店的房间很宽敞，卫生间很大，有淋浴，浴缸分开， 两个洗手池非常舒适宽敞，房间很安静。健身设施也不错的，品质很好。泳池没有使用，但是下一次入住一定会体验一下。酒店附近有很多吃的， 附近有购物中心，餐厅，地铁，总之，交通便利，购物餐饮业很方便，是非常值得推荐入住的就酒店。,5,2015-09-13,https://m.mafengwo.cn/nb/public/sharejump.php?type=25&uid=60864542
五月天的小天使,非常有艺术氛围的酒店，商务会谈有气氛，在浦东的位置也不错，下次还是会尝试的，希望软件服务还可以更上一层楼,5,2015-09-13,https://m.mafengwo.cn/nb/public/sharejump.php?type=25&uid=50749196
kevin_,酒店位置不错，房间设置也很好，办理入住和离店手续也很快，服务态度很不错，让人很舒服的感觉，值得推荐的酒店。,5,2015-09-13,https://m.mafengwo.cn/nb/public/sharejump.php?type=25&uid=31992297
阴霾的晴天,有特色的酒店，周边商业设施很方便。体验入住，家人比较满意！,5,2015-09-13,https://m.mafengwo.cn/nb/public/sharejump.php?type=25&uid=77631530
晓鱼飘无声,内部设施好，服务好，周围环境好，交通购物方便，地理位置好,5,2015-09-13,https://m.mafengwo.cn/nb/public/sharejump.php?type=25&uid=78904829
neko_gh,房间是中式风格，家具摆件都很协调和舒服，洗浴间很宽敞，但地面有点滑，淋浴时水容易溅出流到台盆边。盥洗用品已不是欧舒丹了，改成澳洲APPELLES系列。服务员都很客气。,5,2015-09-13,https://m.mafengwo.cn/nb/public/sharejump.php?type=25&uid=42775622
蝴蝶羽翼yaoyao,酒店环境不错啊，交通挺便利的，距离浦东新国际博览中心特别的近。酒店的服务也挺好的，装修金碧辉煌很有气势，绝对的5星级标准酒店，是商务旅行首选，值得推荐！,5,2015-09-13,https://m.mafengwo.cn/nb/public/sharejump.php?type=25&uid=38039632
风之恋,新国际展馆旁边，离地铁有点距离，靠近嘉里中心，吃饭什么的很方便,5,2015-09-13,https://m.mafengwo.cn/nb/public/sharejump.php?type=25&uid=19997734
jl_when,帮朋友订的，听说除了大堂的灯光有点太昏暗不错，其他都非常好。也是，据说都是7星级的了，如果再不好，那其他的酒店还能住吗？哈哈！,5,2015-09-13,https://m.mafengwo.cn/nb/public/sharejump.php?type=25&uid=47355140
蓝色芥末fanyh,酒店各方面都非常不错，特别是确认速度很快，房间也很满意，性价比极高，值得推荐的酒店，下次出来玩还会选择这家酒店。,5,2015-09-13,https://m.mafengwo.cn/nb/public/sharejump.php?type=25&uid=76317266
白兔子和猪,给朋友订的，应该不错，这是他第二次入住了,5,2015-09-13,https://m.mafengwo.cn/nb/public/sharejump.php?type=25&uid=44639685
zouwencandy,环境好，服务亲切，满意，很划算，下次还来！,5,2015-09-13,https://m.mafengwo.cn/nb/public/sharejump.php?type=25&uid=74171637
renxueheng,不错，值得，好玩。方便的，有特色，有机会还会去，设施服务到位的。。。。。。。。。。。。。。。。。。。。,5,2015-09-13,https://m.mafengwo.cn/nb/public/sharejump.php?type=25&uid=52438499
轻舟一叶水云间,5星就是不一样5星就是不一样5星就是不一样5星就是不一样5星就是不一样5星就是不一样5星就是不一样5星就是不一样5星就是不一样,5,2015-09-13,https://m.mafengwo.cn/nb/public/sharejump.php?type=25&uid=73315305
zzzeusss,全5分。各方面真不错，房间干净，服务好，就在地铁旁，去哪都比较方便，远点坐地铁，想近点就在对面嘉里中心购物，餐饮都特别好。近来住过最舒心的酒店了。 当然，如果早餐时的咖啡热点或者说是热的就更好了（连4早拿来的咖啡都冷冷的）。,5,2015-09-13,https://m.mafengwo.cn/nb/public/sharejump.php?type=25&uid=39827182
蓝宝宝小兔子,位置好，靠近世纪公园，周边出游很方便。房间也大，设施完备。在大堂还可以欣赏到圣诞雪橇。,5,2015-09-13,https://m.mafengwo.cn/nb/public/sharejump.php?type=25&uid=41268211
metoo_etj,再次携家入住，前台给了很好的房间，设施等不用担心，楼下也能让孩子逛逛，大人可以休息，旁边就是嘉里城与地铁口，是个都市度假的好去处。,5,2015-09-13,https://m.mafengwo.cn/nb/public/sharejump.php?type=25&uid=82666837
fshsq,绝对超值，外国人管理的酒店，值得中国酒店学习！,5,2015-09-13,https://m.mafengwo.cn/nb/public/sharejump.php?type=25&uid=46362242
masakivivi,距离地铁七号线很近，出行十分便利，就是不给未成人单独登记有点郁闷。幸亏上海有亲属，不然得蛮烦死。酒店环境很不错，大堂很有特点，早餐服务人员态度不错，就是种类不多,5,2015-09-13,https://m.mafengwo.cn/nb/public/sharejump.php?type=25&uid=32736754
拉布拉,酒店不错，很幸运的免费升级到豪华房，干净,5,2015-09-13,https://m.mafengwo.cn/nb/public/sharejump.php?type=25&uid=19997118
wxnlwblyj,很多精制细节 但位置上 略低于外滩几个豪华酒店,5,2015-09-13,https://m.mafengwo.cn/nb/public/sharejump.php?type=25&uid=51289503
kellyhu,不仅做了升级，服务也很好。就是早餐有点简单。,5,2015-09-13,https://m.mafengwo.cn/nb/public/sharejump.php?type=25&uid=68120321
最耐美食,酒店楼下就是喜马拉雅艺术中心，相连接的还有浦东嘉里城，非常合适带孩子住，吃喝玩都有了而且恰巧遇到12月份，圣诞氛围非常棒。绝对推荐！,5,2015-09-13,https://m.mafengwo.cn/nb/public/sharejump.php?type=25&uid=19975388
糖糖糖糖糖,地段位置便利，设施没的说，圣诞氛围浓厚，服务员看到我家两岁的小子可爱还带他进去吃自助餐的水果。孩子他妈忘记带尿不湿，礼宾部服务生还主动提出帮忙去买，可惜太晚了没买到，所以要说建议的话礼宾部应该备一些。,5,2015-09-13,https://m.mafengwo.cn/nb/public/sharejump.php?type=25&uid=19974731
水晶叶子,"商务出行满意,令人满意................................................................",5,2015-09-13,https://m.mafengwo.cn/nb/public/sharejump.php?type=25&uid=19986715
wazzlwazzl,这次帮朋友预定，自己也住过几次，很不错的酒店,5,2015-09-13,https://m.mafengwo.cn/nb/public/sharejump.php?type=25&uid=39800384
sleepinthecloud,酒店周边环境不错 房间硬件一般 早餐不好 餐厅很小,5,2015-09-13,https://m.mafengwo.cn/nb/public/sharejump.php?type=25&uid=85906815
咱 已忘记,酒店地理位置好，室内服务态度非常好。就是房间卫生间的玻璃隔门有点透明。大堂盥洗室自动洗手的水是凉。,5,2015-09-13,https://m.mafengwo.cn/nb/public/sharejump.php?type=25&uid=19985540
philipvi,很有文化氛围。但跟迪拜，麻袋的卓美亚酒店比还有差距。但这个价格性价比高。,5,2015-09-13,https://m.mafengwo.cn/nb/public/sharejump.php?type=25&uid=80550529
快乐bala,酒店不错 挺大气的 就是房间比较闷热 最好能有通风的窗,5,2015-09-13,https://m.mafengwo.cn/nb/public/sharejump.php?type=25&uid=53072251
mengxp,优点: 中式但非传统中式装修风格，房间不会有冷冰冰的感觉，家庭出游不错的选择。主动升级套房，整个酒店礼貌用语到位，SERVICE ONE响应迅速，软硬件都符合5星。 不足: 套房2卫1洗漱间1冲凉房的设计原本不错，外卫与洗漱间通过两侧可入式的淋浴房相连，淋浴房泄水坡度太小，且两侧开关式玻璃门密封性一般，水会蔓延到与之相连的两个房间，不是特别严重，但会造成困扰。 除此之外都是不能算问题小细节了，门把手pull跟push颠倒印刷，客厅没纸巾。满分10分，可以打9分。,5,2015-09-13,https://m.mafengwo.cn/nb/public/sharejump.php?type=25&uid=87403728
葵樱,"酒店设施及服务非常好,房间干净舒服空间大,老婆小孩都很开心,早餐品种少,但算精致,用餐环境比较有气氛,性价比高;之前主过迪拜的皇宫卓美雅酒店,有私人海滩和免费的维迪水上乐园感觉超棒的,价格当然比上海规好几倍;",5,2015-09-13,https://m.mafengwo.cn/nb/public/sharejump.php?type=25&uid=19993816
旋律与旋律,地理位置不错，就在上海新国际博览中心对面，出差展会很方便，而且就在地铁7号线上。边上餐饮娱乐很多，不错。,5,2015-09-13,https://m.mafengwo.cn/nb/public/sharejump.php?type=25&uid=50997768
millzr,下午入住，房间的空调送冷风吹不冷，到了晚上才好转，不知为何，其他基本都好，餐厅服务比上回进步且及时了。,5,2015-09-13,https://m.mafengwo.cn/nb/public/sharejump.php?type=25&uid=66880202
versatitle,非常好的一家酒店，距离地铁站很近，房间够大，服务好，洗漱用品全是欧舒丹，很满意，下次还会考虑。,5,2015-09-13,https://m.mafengwo.cn/nb/public/sharejump.php?type=25&uid=65125030
果冻5,房间很喜欢。下次还会考虑。 早餐一般般。  。,5,2015-09-13,https://m.mafengwo.cn/nb/public/sharejump.php?type=25&uid=19993559
王三十,这家酒店超五星，卫生环境酒店服务都很好，酒店门口就有地铁站，超方便。下次还好去住。,5,2015-09-13,https://m.mafengwo.cn/nb/public/sharejump.php?type=25&uid=19929819
zhanqing,软硬件兼备，好到没话说，还给升级了房间，值得推荐！下次还住！！  建议的话，希望早餐增加一些中式的小吃。,5,2015-09-13,https://m.mafengwo.cn/nb/public/sharejump.php?type=25&uid=70116035
pepsismx,软硬件兼备，好到没话说，还给升级了房间，值得推荐！下次还住！！ 建议的话，希望早餐增加一些中式的小吃。,5,2015-09-13,https://m.mafengwo.cn/nb/public/sharejump.php?type=25&uid=46849505
tanya,非常不错的选择 是上海众多五星酒店里 刚入住 就决定会再次入住的酒店之一,5,2015-09-13,https://m.mafengwo.cn/nb/public/sharejump.php?type=25&uid=19991712
cockrouch,环境非常雅致，不愧和帆船酒店一家管理公司。建筑为世界级建筑师矶崎新的大作。值得推荐！,5,2015-09-13,https://m.mafengwo.cn/nb/public/sharejump.php?type=25&uid=49192866
妖妖love,超出预期的好，入住期间免费停车，酒店早餐也没有评论描述的糟，大堂遇到的服务员会主动招乎，房间内设施也有一定水，对面就是嘉里城，吃饭逛街带孩子都方便，假日小度假的好选择。,5,2015-09-13,https://m.mafengwo.cn/nb/public/sharejump.php?type=25&uid=49506469
达能,定的7是超级豪华套房，作为婚房用的，很实用，大家都说好，就是硬件看起来稍微有点陈旧。不过正好&amp;amp;#127542;买一晚送一晚的活动，性价比没得说啦！,5,2015-09-13,https://m.mafengwo.cn/nb/public/sharejump.php?type=25&uid=19953310
我要fitfit,"非常不错的酒店,各项设施齐全,房间很漂亮也很干净.酒店旁边就是商场,购物餐饮非常方便.对面还有一个浦东嘉里中心,也是大商场.我老板很满意.",5,2015-09-13,https://m.mafengwo.cn/nb/public/sharejump.php?type=25&uid=39322069
偶稀饭捏吖,同时定了几间房 赶上展会房子很紧张 但调房、延住的过程中服务员都积极协调 浴室配置的洗漱用品不错 很喜欢,5,2015-09-13,https://m.mafengwo.cn/nb/public/sharejump.php?type=25&uid=73399582
haillang,因为工作原因入住酒店，很方便离工作地点很近。,5,2015-09-13,https://m.mafengwo.cn/nb/public/sharejump.php?type=25&uid=75145316
wxgzsn,"那几天展览中心有会,周围的酒店象疯了一样,根本就是一房难求,甚至花了那么高的价钱定了一晚,没办法客人一定要求要有游泳池的酒店.",5,2015-09-13,https://m.mafengwo.cn/nb/public/sharejump.php?type=25&uid=40079139
as_kone,代人预订，酒店位置很好，上海新国际展览中心很近，酒店附近有很多餐厅，酒店的服务，设备，房间都很好。值得推荐。,5,2015-09-13,https://m.mafengwo.cn/nb/public/sharejump.php?type=25&uid=45588777
hxjin,酒店房间很好，沙发，床都很舒服。离嘉里中心很近。,5,2015-09-13,https://m.mafengwo.cn/nb/public/sharejump.php?type=25&uid=79367939
柒宝小赖,早饭不错，房间感觉很好，中式装饰风格让人觉得意境不错，整体性价比高，下次还会光顾。停车也很方便，对面嘉里中心购物和吃东西都方便。,5,2015-09-13,https://m.mafengwo.cn/nb/public/sharejump.php?type=25&uid=19988889
lriiuu,感觉不错！酒店服务非常好！个人满意。给大家提供参考。,5,2015-09-13,https://m.mafengwo.cn/nb/public/sharejump.php?type=25&uid=64674300
elsie,浦东参加展会一直入住的酒店，非常好，位置方便，地铁站上来就是。,5,2015-09-13,https://m.mafengwo.cn/nb/public/sharejump.php?type=25&uid=37074819
alison_,在公司附近很方便，每次都订这个酒店，公园式的五星级酒店，高端大气上档次空气很好，以后继续订这个酒店，希望能优惠点。,5,2015-09-13,https://m.mafengwo.cn/nb/public/sharejump.php?type=25&uid=87299409
wyzgmzsx,好好好好好好好好好好好好好好好好好好好好好好好好好好好好好好好好好好好好好好好好好好好好好好好好好好好好好好好好好好好好好好好好好好好好好好,5,2015-09-13,https://m.mafengwo.cn/nb/public/sharejump.php?type=25&uid=80802695
angelxingxing,和老公度假的~很满意的入住体验，早餐很丰盛~,5,2015-09-13,https://m.mafengwo.cn/nb/public/sharejump.php?type=25&uid=80126585
yezhengkai,超级满意的酒店，被升级到套房，相当的宽敞。酒店典雅而内敛。喜欢，下次有朋友来上海，一定推荐住这家酒店。,5,2015-09-13,https://m.mafengwo.cn/nb/public/sharejump.php?type=25&uid=79435115
陈亚红99,酒店位置优越，交通便利，闹中取静，房间很干净，布置的也很温馨，相比同档次酒店，性价比很高。服务员很热情，下次还会入住。,5,2015-09-13,https://m.mafengwo.cn/nb/public/sharejump.php?type=25&uid=19997811
nmgchenpeng,一流的服务，一流的设施，希望早餐的服务不要因为客人多就降低服务标准,5,2015-09-13,https://m.mafengwo.cn/nb/public/sharejump.php?type=25&uid=37265994
zengfenghua,真的非常满意，这个价格，这个服务。无论地理位置，还是早餐，还是房间。都是相当满意，如果以后再去上海，将是我的不二选择！！大力推荐！,5,2015-09-13,https://m.mafengwo.cn/nb/public/sharejump.php?type=25&uid=58971480
kanaqi,替朋友订的 来看大黄鸭的 房间还行 离世纪公园也并不远 但是附近太偏僻了。看小黄鸭人太多了 完全挤不进去,5,2015-09-13,https://m.mafengwo.cn/nb/public/sharejump.php?type=25&uid=66144223
tellenking,本来还不清楚是什么特别的五星酒店，原来是大名鼎鼎的迪拜财团旗下的酒店~~~ 地铁出来就是，边上就是商场，非常豪华的享受，早餐也很棒~~还会再来~~,5,2015-09-13,https://m.mafengwo.cn/nb/public/sharejump.php?type=25&uid=19959904
kimll,酒店各方面都挺好的，很满意。就是窗户撑不起来，不知道是坏了还是怎么了,5,2015-09-13,https://m.mafengwo.cn/nb/public/sharejump.php?type=25&uid=83354994
zxchris,非常好的酒店，展会时入住，房价还不是很高，设施、服务没得说。,5,2015-09-13,https://m.mafengwo.cn/nb/public/sharejump.php?type=25&uid=87425651
xiaoxiao,酒店高雅大气，房间很大，洗漱用品也都是欧舒丹，下次还会入住 ！,5,2015-09-13,https://m.mafengwo.cn/nb/public/sharejump.php?type=25&uid=86368302
vinavira,周边环境好，就是早餐内容比较少，汤面处素菜洗的不干净,5,2015-09-13,https://m.mafengwo.cn/nb/public/sharejump.php?type=25&uid=40436822
dubao,酒店非常漂亮，以后还会再去的，离展馆也很近。,5,2015-09-13,https://m.mafengwo.cn/nb/public/sharejump.php?type=25&uid=81348496
gz路人甲,酒店很新，设施很先进，位置很好，就在新博览中心对面，boss很满意,5,2015-09-13,https://m.mafengwo.cn/nb/public/sharejump.php?type=25&uid=60591092
mickyqian,"5星级酒店，太贵，主要图它就在展馆对面。下班时间打的太难了,可能主要因为有展览",5,2015-09-13,https://m.mafengwo.cn/nb/public/sharejump.php?type=25&uid=65633310
少年不识愁滋味,和迪拜的帆船虽属一家集团，档次差蛮多~ 早餐品类一般… 体验下就可以了,5,2015-09-13,https://m.mafengwo.cn/nb/public/sharejump.php?type=25&uid=73536371
wenwenshu,环境很多，令人感觉很舒适，是出差，旅游住宿的好选择,5,2015-09-13,https://m.mafengwo.cn/nb/public/sharejump.php?type=25&uid=72152851
cathywoo,带孩子周末游泳休闲一下，环境相当好，房间很棒，服务也很亲切，值得推荐，周末不出游找个本地酒店泡泡也是很放松的呀！,5,2015-09-13,https://m.mafengwo.cn/nb/public/sharejump.php?type=25&uid=36142467
白菜居士cyx,客户反响很好，环境优雅，周边交通，美食均很方便,5,2015-09-13,https://m.mafengwo.cn/nb/public/sharejump.php?type=25&uid=47973510
hfhgz,好评！果然是帆船酒店旗下的就不一样！还帮我们免费升了一级！性价比很高！推荐！,5,2015-09-13,https://m.mafengwo.cn/nb/public/sharejump.php?type=25&uid=85674583
狗哥,酒店硬件软件都非常不错，这次还很幸运地被升级了，周末性价比高！酒店边上就有地铁站，出行很方便！对面有国际博览中心和嘉里城，这次没来得及逛！总之，这次入住挺满意的，以后有机会再住！国际品牌卓美亚确实不错！,5,2015-09-13,https://m.mafengwo.cn/nb/public/sharejump.php?type=25&uid=19985740
yolendar,第一次住在浦|，人少，安o。酒店外^很漂亮，服找膊诲e，主崆椋房gb修品|也很好，只是大堂用中式b修，色{有c暗，房g的隔音效果有c不是很M意。,5,2015-09-13,https://m.mafengwo.cn/nb/public/sharejump.php?type=25&uid=38578391
soralovemaki,因为带宝宝酒店自动帮我们免费延到下午二点退房 很人性化 周围就是地铁 离嘉里中心 大拇指广场很近 和喜马拉雅艺术中心连一体 可以通过电梯到达 若是以后还有这么好的价格 还是会选择入住 PS 酒店中国禅风特色不亏是九间堂主人喜爱的风格  喜欢里面内有乾坤 非常酷,5,2015-09-13,https://m.mafengwo.cn/nb/public/sharejump.php?type=25&uid=32038819
科仔_cola,公出、方便开会、周边吃的、玩的、多、下次开会就订这里了。,5,2015-09-13,https://m.mafengwo.cn/nb/public/sharejump.php?type=25&uid=81494968
yudezhanghu,很不错，用的欧舒丹的洗沪用品，喜欢，早餐很不错,5,2015-09-13,https://m.mafengwo.cn/nb/public/sharejump.php?type=25&uid=72188698
懒兔范范,酒店大堂文化氛围很浓，浴室设施还行，水量也很大，毛巾旧旧的不舒服！洗漱用品倒是欧舒丹的，床舒服！服务还有待加强！早餐不丰富！泳池小小的，休息室倒挺大的！,5,2015-09-13,https://m.mafengwo.cn/nb/public/sharejump.php?type=25&uid=19924320
noraren,整体不错，居然是和帆船酒店一家管理公司管理的。,5,2015-09-13,https://m.mafengwo.cn/nb/public/sharejump.php?type=25&uid=34741465
野马潭,很适合亲子的一家酒店，周边设施也很齐全。入住是行政房，在行政酒廊里享受了免费的下午茶和鸡尾酒时间，蛋糕超级棒，入住当天正好遇上国庆烟火表演，很是不错，明年还会再来。,5,2015-09-13,https://m.mafengwo.cn/nb/public/sharejump.php?type=25&uid=19912000
me_kiki,非常幸运的升级到了套房，房间很nice，还有二个卫生间。房间设施非常棒，不愧是帆船酒店集团的。晚上打扫房间时服务员会在窗前用保温杯泡好热茶，这点非常的温馨，是我住过酒店里所不具备的服务。而且晚上再客厅里还能看到世纪公园的烟火表演，也是意外之喜。十一期间不必外出景点人挤人，能够在优雅的环境享受二人世界感到很幸福，很温馨。,5,2015-09-13,https://m.mafengwo.cn/nb/public/sharejump.php?type=25&uid=47252010
caoyubin,很不错的酒店，一次性用品是欧舒丹的，早餐也不错，有机会还会住。,5,2015-09-13,https://m.mafengwo.cn/nb/public/sharejump.php?type=25&uid=63027026
fatuma_byt,酒店地理位置不错，世纪公园南侧，服务员服务意识有待提高,5,2015-09-13,https://m.mafengwo.cn/nb/public/sharejump.php?type=25&uid=35962421
taylortaylor,昨晚一入住，孩子就雀跃的很，房间很大，床也宽敞，卫生间也宽敞明亮，洗漱用品是欧舒丹！这个价位大赞，期待早餐更好！以后还会来！,5,2015-09-13,https://m.mafengwo.cn/nb/public/sharejump.php?type=25&uid=77719021
豆豉鲮鱼儿,感觉不错，除了立体车库有些难停车，电视清晰度太差，其他似乎没什么可特别挑剔的,5,2015-09-13,https://m.mafengwo.cn/nb/public/sharejump.php?type=25&uid=78149361
骤雨晴,酒店非常漂亮，房间干净整洁，服务人员服务意识强烈，名符其实的星级酒店，今后定点住这儿了。,5,2015-09-13,https://m.mafengwo.cn/nb/public/sharejump.php?type=25&uid=19994420
加世大周ww,不错的酒店，最近经常住。酒店设施、环境都很好。就是早餐差了点，感觉还不如四星的,5,2015-09-13,https://m.mafengwo.cn/nb/public/sharejump.php?type=25&uid=51687997
zhangyutingannie,商务旅行，还不错。卫生和位置都还行。性价比不错。,5,2015-09-13,https://m.mafengwo.cn/nb/public/sharejump.php?type=25&uid=78664878
yinguodong,性价比很高的酒店。就在新国际博览中心对面。下次参展还住这里。,5,2015-09-13,https://m.mafengwo.cn/nb/public/sharejump.php?type=25&uid=66017817
kaixinba,非常有品味，稍微偏年龄大的人的审美，总体十分不错,5,2015-09-13,https://m.mafengwo.cn/nb/public/sharejump.php?type=25&uid=19996753
hukuharaai,位于浦东的国际展览馆附近，位置很不错，离内环高架和地铁很近。酒店房间装修和卫生都非常好，服务也很好。去了健身房，稍微有点简陋，早餐有些简单。但总体说来很满意，性价比很高的酒店。,5,2015-09-13,https://m.mafengwo.cn/nb/public/sharejump.php?type=25&uid=82130841
jscsv,实在是太棒了～安静的环境，高级的装饰，还会再来,5,2015-09-13,https://m.mafengwo.cn/nb/public/sharejump.php?type=25&uid=19964174
oshadow,非常好！离会展中心一马路之隔，非常方便！早餐不错！,5,2015-09-13,https://m.mafengwo.cn/nb/public/sharejump.php?type=25&uid=41825017
暴走小马,很中国风的大堂，白天比较暗，天花板用电脑布景很不错，房间比较大也是中国风，咖啡机不错，门口是7号线，旁边是浦东嘉里城和世纪公园还有浦东博览中心总的来说很不错,5,2014-09-21,https://m.mafengwo.cn/nb/public/sharejump.php?type=25&uid=31476932
allison_,房间在五星级里算大的，床和被子都很舒服，休息的很好，早餐品种很丰富，牛角面包相当赞??。推荐！,5,2015-09-13,https://m.mafengwo.cn/nb/public/sharejump.php?type=25&uid=30349665
lhkyy,酒店装修现代豪华，位于地铁7号线终点站，距离浦东机场距离较近，总体不错。,5,2015-09-13,https://m.mafengwo.cn/nb/public/sharejump.php?type=25&uid=30180502
maquanyou,很好的经验，本来不相信跟迪拜的帆船酒店同集团，知道看到一整车的阿联酋航空的空服员入住… 酒店很新、前台服务很好，房间设施也好，还有illy的胶囊咖啡机～,5,2015-09-13,https://m.mafengwo.cn/nb/public/sharejump.php?type=25&uid=64290914
christy,各方面都还好，外国人比较多。早餐西餐的品种多了只照顾到外国人了！,5,2015-09-13,https://m.mafengwo.cn/nb/public/sharejump.php?type=25&uid=81232729
glzyn,真的不错离新国际博览中心很近，地铁就在对面。性价比非常高，边上还有购物中心和电影院，值得。第二天赶浦东机场只用了30分钟。,5,2015-09-13,https://m.mafengwo.cn/nb/public/sharejump.php?type=25&uid=60638211
溏心风暴家好月圆,不错的酒店，值得推荐。如果出差在新国际博览中心，订这家就很好。,5,2015-09-13,https://m.mafengwo.cn/nb/public/sharejump.php?type=25&uid=61234793
orangexcjj,帮领导定的，不便宜呢，不知道领导满意不？,5,2015-09-13,https://m.mafengwo.cn/nb/public/sharejump.php?type=25&uid=42355138
晕鬼wendy,装修格调低调高雅，属于新中式，房间配备符合五星，并无惊喜。客房服务水平迅速，自助餐食物种类较少，口味稍逊。宗上，价格合理。基本满意。,5,2015-09-13,https://m.mafengwo.cn/nb/public/sharejump.php?type=25&uid=35468436
godbo,"umeirah是顶级奢侈酒店, 出差定了这个价位真是窝心啊~服务人员热情贴心, 房间又大又干净, 下次一定优先考虑这个酒店~~",5,2015-09-13,https://m.mafengwo.cn/nb/public/sharejump.php?type=25&uid=50762862
clawchen,超级享受，只是酒店娱乐设施不多，还是太晚没找到？,5,2015-09-13,https://m.mafengwo.cn/nb/public/sharejump.php?type=25&uid=84990153
bearamy,超五星的环境。优质的服务。高水准酒店的代表，就是送餐的食物不怎么可口。值得入住的酒店,5,2015-09-13,https://m.mafengwo.cn/nb/public/sharejump.php?type=25&uid=59051020
swwjt,很有特色的酒店，服务很悉心细致。早餐品种丰富。床品很舒服。离开磁悬浮很近。,5,2015-09-13,https://m.mafengwo.cn/nb/public/sharejump.php?type=25&uid=38801724
火柴盒兔兔,"Jumeirah是顶级奢侈酒店, 出差定了这个价位真是窝心啊~服务人员热情贴心, 房间又大又干净, 下次一定优先考虑这个酒店~~ PS中文翻译卓美亚...太奇怪了...谁知道这是Jumeirah啊~~",5,2015-09-13,https://m.mafengwo.cn/nb/public/sharejump.php?type=25&uid=83258439
彩虹糖豆巧克力豆,"出乎意料的好酒店...卓美亚这个名字不熟系...Jumeirah就豁然开朗了...顶级豪华酒店~~赞一个 服务员非常贴心,房间也很不错~",5,2015-09-13,https://m.mafengwo.cn/nb/public/sharejump.php?type=25&uid=84648361
大漠雪狼,帮挚友全家预订，酒店相对完美，价格略高。,5,2015-09-13,https://m.mafengwo.cn/nb/public/sharejump.php?type=25&uid=19967713
zhouxinru,欧舒丹的护肤品，让人觉得一下子高大尚，还有欢迎水果，价位比对面的嘉里便宜，感觉性价比不错,5,2015-09-13,https://m.mafengwo.cn/nb/public/sharejump.php?type=25&uid=74393744
晴空丫头,酒店走进去有种阴森森的感觉，大概是装修风格的感觉，大堂整体黑色的。酒店房间有种古朴的感觉，床上还有红色的枕头，里面用的都是欧舒丹的用品，地理位置也不错～离新国际很近,5,2015-09-13,https://m.mafengwo.cn/nb/public/sharejump.php?type=25&uid=19969805
qczhr,非常好。 前台的服务员既热情又亲切。 设施狠新，房间比较大。 但是早餐不太丰富。,5,2015-09-13,https://m.mafengwo.cn/nb/public/sharejump.php?type=25&uid=42099071
angelxqq,酒店就在展会中心对面，交通也比较便利，房间很大很舒服，中式大厅的幻彩顶很有意思，非常推荐，商务旅行好住处。,5,2014-08-25,https://m.mafengwo.cn/nb/public/sharejump.php?type=25&uid=5303035
soloair,酒店位于国际博览中心最佳位置，交通便利（地铁7号线），磁悬浮就在附近。房间很干净，布置的也很温馨，5星级酒店中较好选择。,5,2014-08-22,https://m.mafengwo.cn/nb/public/sharejump.php?type=25&uid=68691630
问心茶,很不错。遗憾的是自助餐厅在装修，改在二楼的小厅，早餐时座位少，食物选择不够多。,5,2014-08-21,https://m.mafengwo.cn/nb/public/sharejump.php?type=25&uid=19967819
踏浪,不愧是顶级奢华酒店，房间设施和服务都很好，开夜床服务给的热饮很好。唯一不足就是一楼半的自助餐品种不多，早餐和晚餐都不是很满意。,5,2014-08-21,https://m.mafengwo.cn/nb/public/sharejump.php?type=25&uid=19975664
东东的丝绸庄,著名的迪拜帆船酒店的姐妹店 一流优质 下次还来,5,2015-09-13,https://m.mafengwo.cn/nb/public/sharejump.php?type=25&uid=43126328
wangbao,出行方便 就在展会旁边 帮客户定的 环境不错,5,2015-09-13,https://m.mafengwo.cn/nb/public/sharejump.php?type=25&uid=81761255
gxcfywsy,酒店设施还是很新的，服务也很好，地理位置也很方便。总之下次还会光顾。,5,2014-09-15,https://m.mafengwo.cn/nb/public/sharejump.php?type=25&uid=49289260
irene洁,很满意的一次入住，设施不错，儿子很喜欢从房间的落地窗往外看。泳池也不错。性价比很高，以后还会来。对面的嘉里中心吃饭也很方便。,5,2014-09-15,https://m.mafengwo.cn/nb/public/sharejump.php?type=25&uid=78352164
snowplum,不错，周末性价比很高。房间挺大的；床很软，我喜欢；大厅相当有特色；游泳健身设施都满好的。就是早餐一般，品种不是很多。,5,2014-09-15,https://m.mafengwo.cn/nb/public/sharejump.php?type=25&uid=64613637
迷路的兔子,去看一年一度的CHINAJOY，很方便，就在浦东新国展的对面。服务也不错，正好赶上台风经过，借伞租车安排的很有调理，没发生什么争执。房屋很干净，相对房内的面积比同档次的酒店要大一些。楼下餐厅的菜式也比较地道。下次应该还会入住。,5,2014-08-04,https://m.mafengwo.cn/nb/public/sharejump.php?type=25&uid=37171495
猖猖精灵公主,"很好的五星级酒店.离国际展览馆非常近,下次还会入住.",5,2015-09-13,https://m.mafengwo.cn/nb/public/sharejump.php?type=25&uid=56808831
huaizhoulu,服务周到，设施完善，小朋友很开心，游泳池超级棒，下次旅游还会选择入住！,5,2015-09-13,https://m.mafengwo.cn/nb/public/sharejump.php?type=25&uid=79199821
monkey,非常不错的酒店，出了地铁口就是！吃饭也很方便！特别值得一提的是酒店的游泳池和健身，好强大！大堂很有特色，晚上还有一些表演！虽然很贵，但物有所值吧！,5,2014-07-28,https://m.mafengwo.cn/nb/public/sharejump.php?type=25&uid=50613784
saindymelody,办理入住等了很久，不过酒店客房服务超级好，还送了蛋糕，周边餐饮也多，下次还会继续考虑的,5,2014-07-28,https://m.mafengwo.cn/nb/public/sharejump.php?type=25&uid=84881879
向日葵的方向,酒店服务国际化，房间格局非常不错！还会再次光顾！,5,2015-09-13,https://m.mafengwo.cn/nb/public/sharejump.php?type=25&uid=33913854
paopao,房间一级棒，隔音效果好，环境服务都挺赞的，就是早餐东西少了点…………,5,2014-07-27,https://m.mafengwo.cn/nb/public/sharejump.php?type=25&uid=64357823
群山孤影,值得推荐，特别是大堂 很美，变幻无穷的天花艺术，古色古香的茶艺表演，还有特别怀旧的水壶，非常值得体验。,5,2015-09-13,https://m.mafengwo.cn/nb/public/sharejump.php?type=25&uid=19953412
xiaomu,临近新展览中心，7号线地铁。服务规范。意料之外升级到行政楼层了，能俯瞰展览馆，太爽了。强烈推荐。,5,2015-09-13,https://m.mafengwo.cn/nb/public/sharejump.php?type=25&uid=53917771
vivianyang,很不作错的一家酒店，只是房间还残留了一点装修的气味，美中不足。,5,2015-09-13,https://m.mafengwo.cn/nb/public/sharejump.php?type=25&uid=69595160
whzctt,大厅很大气，感觉很好，很适合喝个酒聊聊天，离展馆很近，非常方便,5,2015-09-13,https://m.mafengwo.cn/nb/public/sharejump.php?type=25&uid=60389260
beiaidj,"很不错的酒店,服务很好.离国展中心非常近.",5,2015-09-13,https://m.mafengwo.cn/nb/public/sharejump.php?type=25&uid=63957633
showyoupenny,酒店位于市中心，交通便利，闹中取静，房间很干净，布置的也很温馨，相比同档次酒店，性价比很高。服务员很热情，还推荐了酒店免费的SPA体验，下次还会入住。,5,2015-09-13,https://m.mafengwo.cn/nb/public/sharejump.php?type=25&uid=74355557
chuying,酒店位于还行，交通便利，闹中取静，房间干净，布置的也温馨，相比同档次酒店，性价比高。服务员很热情，还推荐了酒店免费的SPA体验，下次还会入住。,5,2015-09-13,https://m.mafengwo.cn/nb/public/sharejump.php?type=25&uid=47213291
我是以德糊人,很好的酒店，参加展会入住，交通方便、早餐不错、房间设施完善，下次展会有机会还要入住。,5,2015-09-13,https://m.mafengwo.cn/nb/public/sharejump.php?type=25&uid=77642129
guaiguaihong,很不错的酒店，参加展会非常方便，酒店设施很好，还给免费升级。出行交通方便，地铁花木路站，早餐也不错。,5,2015-09-13,https://m.mafengwo.cn/nb/public/sharejump.php?type=25&uid=46630398
bigfacebr,酒店就在新博览中心边上，开展会的时候入住很方便,5,2015-09-13,https://m.mafengwo.cn/nb/public/sharejump.php?type=25&uid=31287421
凝雪,非常不错，以后还会入住，感谢所有服务人员,5,2015-09-13,https://m.mafengwo.cn/nb/public/sharejump.php?type=25&uid=19997912
窗边的小豆子,是我住过最好的五星级酒店，好过希尔顿，朗豪，早餐丰富，房间干净，推荐！,5,2015-09-13,https://m.mafengwo.cn/nb/public/sharejump.php?type=25&uid=73059860
irene洁,很棒的酒店，喜欢中式风格。不过楼层之间不能相互串门，只能在大堂会和，稍稍有点不便 :),5,2015-09-13,https://m.mafengwo.cn/nb/public/sharejump.php?type=25&uid=78352164
小裁缝_烟罗,"难得可以在上海体验到一个文化气息十足的酒店，这比富丽堂皇、金碧辉煌之流更能留下印象。 酒店大堂就像一个博物馆，各种绘画收藏亮瞎你的眼，齐白石、潘天寿、紫檀，难得可以这么近距离观摩，深受震撼。 日本设计师的设计处处以实用为主，文化传承引入其中，的确功力深厚，我想他是深谙风水。建筑体是外方内圆的，外面看气势磅礴，走入酒店却幽静淡泊。前台接待非常低调，偏安在一角，把重点留在了四根四季柱环绕的Lobby, 头顶的巨屏多媒体和中庭古戏台倒也一古一今的相互辉映。 什么叫无极？看似无规律可循的硕大水泥柱其实好比植物的根茎，粗壮有力，承托起镂空的喜马拉雅中心体。 房间是难得的木质地板，没什么特别华贵的装饰，木质内饰，一色大理石的卫浴间略显单调，但也没必要奢华。床品特别舒适，实在想问下是何品牌。 另外服务细致入微，我们还没怎么要求呢，看到小朋友要睡觉就主动帮我们延了一小时退房。 唯一想要求更多的最好孩子们的活动天地能多些哦。 谢谢，难忘的周末！",5,2015-09-13,https://m.mafengwo.cn/nb/public/sharejump.php?type=25&uid=48858031
emilychang,酒店很不错，性价比ok。下次有机会还会入住。早餐也很干净，品种丰富。,5,2015-09-13,https://m.mafengwo.cn/nb/public/sharejump.php?type=25&uid=68757079
yuanqu,每次来浦东办事的首选酒店之一，交通出行，用餐购物等都挺方便！,5,2015-09-13,https://m.mafengwo.cn/nb/public/sharejump.php?type=25&uid=76951016
zhoushenghui,酒店前台经理及接待人员非常友善，能有顾客着想。很好！,5,2015-09-13,https://m.mafengwo.cn/nb/public/sharejump.php?type=25&uid=80925448
张宇大哥哥,酒店环境设施都很好，服务也很周到，交通方便，是商务出差的好选择，下次还会预定的。,5,2015-09-13,https://m.mafengwo.cn/nb/public/sharejump.php?type=25&uid=74467427
tangdan,很不错，酒店是迪拜帆船酒店的连锁店，装修一流，出行方便，下次还住这家。,5,2015-09-13,https://m.mafengwo.cn/nb/public/sharejump.php?type=25&uid=40979011
midi宝贝儿,升级了房间，意外的惊喜。非常不错，下次还会入住。,5,2015-09-13,https://m.mafengwo.cn/nb/public/sharejump.php?type=25&uid=47339172
candyten,因为参加展览会，走路过去新国际展览馆就好。酒店很好，下次参加展览会还是要入住，非常方便。,5,2015-09-13,https://m.mafengwo.cn/nb/public/sharejump.php?type=25&uid=50865637
colar,喜欢六楼的沪菜，最棒的是七楼的健身房和泳池，设施完善。顶楼花园也很美腻~ 欧舒丹的洗浴用品，赞~\(RQ)/~,5,2015-09-13,https://m.mafengwo.cn/nb/public/sharejump.php?type=25&uid=78633927
cddie,位置方便，地铁直接到达酒店门口。服务很好，房间也很干净。会在回去的。,5,2015-09-13,https://m.mafengwo.cn/nb/public/sharejump.php?type=25&uid=50475201
swwjt,房间很舒适，设施很贴心，一次愉快的入住感受！,5,2015-09-13,https://m.mafengwo.cn/nb/public/sharejump.php?type=25&uid=38801724
vivianzhangs,位置位于城市花园，环境优雅，酒店设施很好，居住舒适。,5,2015-09-13,https://m.mafengwo.cn/nb/public/sharejump.php?type=25&uid=51503989
bingo,环境很好，服务也不错，房间比较超豪华，展览馆特近，好！,5,2015-09-13,https://m.mafengwo.cn/nb/public/sharejump.php?type=25&uid=19992528
归去,非常高端的五星级酒店，早餐也很丰盛，下次还会去！,5,2015-09-13,https://m.mafengwo.cn/nb/public/sharejump.php?type=25&uid=36792773
乖乖晴天娃,位置便利，酒店设施很好，服务也很热情，下次还会选择入住。,5,2015-09-13,https://m.mafengwo.cn/nb/public/sharejump.php?type=25&uid=48980064
laozengdou,人不多，设置好，就是价格有点小贵。旁边是喜马拉雅中心。又有地铁。交通方便。,5,2015-09-13,https://m.mafengwo.cn/nb/public/sharejump.php?type=25&uid=50470340
ziyanni,房间很干净，布置的也很温馨，相比同档次酒店，性价比很高。,5,2015-09-13,https://m.mafengwo.cn/nb/public/sharejump.php?type=25&uid=30349743
风雨_微尘,环境优雅，装修风格时尚！,5,2014-05-10,https://m.mafengwo.cn/nb/public/sharejump.php?type=25&uid=68694229
apcbcandy,已经多次光顾卓美喜马拉雅酒店，一如既往的赏心悦目，舒适享受，交通方便，新国际展览中心就在对面，不用担心塞车，服务也非常周到，会继续选择.,5,2015-09-13,https://m.mafengwo.cn/nb/public/sharejump.php?type=25&uid=52451570
meifei,很喜欢这个酒店，房间很有特色，带独立淋浴房，以后再订,5,2015-09-13,https://m.mafengwo.cn/nb/public/sharejump.php?type=25&uid=63644972
Fisher,文化氛围很浓厚，大堂很别致，客房稍显简陋，但结合了很多中国传统的东西,5,2014-04-29,https://m.mafengwo.cn/nb/public/sharejump.php?type=25&uid=59061898
萨拉,非常满意！房间环境不错，卫生间很大，设施上档次，还有超好用的欧舒丹洗护用品！,5,2015-09-13,https://m.mafengwo.cn/nb/public/sharejump.php?type=25&uid=19995094
化了淡淡的妆,老板点名要住这个酒店，离要开会的地方很近，酒店很新，设施很好，服务态度也很不错，值得推荐,5,2015-09-13,https://m.mafengwo.cn/nb/public/sharejump.php?type=25&uid=38891412
大雄行天下,非常美丽的酒店，交通方便。同事非常喜欢，下次制定要这家,5,2015-09-13,https://m.mafengwo.cn/nb/public/sharejump.php?type=25&uid=34752064
下夜班滴天使,酒店位置很方便，设施不错，中式风格~~~蛮不错的~~~,5,2015-09-13,https://m.mafengwo.cn/nb/public/sharejump.php?type=25&uid=45633307
cande的兔子,为我的客人预定的，就在浦东新国际展览中心对面，非常方便参加展会。酒店很豪华，客人非常满意，已经告诉我明年同一时间还要再住这里。,5,2015-09-13,https://m.mafengwo.cn/nb/public/sharejump.php?type=25&uid=82236215
kathleencyt,就这个价位来讲房间还可以吧，大堂吧蛮蛮赞的，卫生间感觉一般般,5,2015-09-13,https://m.mafengwo.cn/nb/public/sharejump.php?type=25&uid=78516703
wangmanjy,交通便利，闹中取静，房间很干净，布置的也很温馨,5,2015-09-13,https://m.mafengwo.cn/nb/public/sharejump.php?type=25&uid=49338703
farida_xd,装修非常有特色，如果开展会住这里特别方便！,5,2015-09-13,https://m.mafengwo.cn/nb/public/sharejump.php?type=25&uid=82839279
zhengyujun,近龙阳路新国际博览中心，给朋友订的，应该还行吧。,5,2015-09-13,https://m.mafengwo.cn/nb/public/sharejump.php?type=25&uid=82792082
moqiyu,酒店位置不错，环境也很好，服务更是没得说。下次还会入住。,5,2015-09-13,https://m.mafengwo.cn/nb/public/sharejump.php?type=25&uid=69613507
木木lcp,设施、环境和服务很棒，手机信号不太好，希望改进!,5,2015-09-13,https://m.mafengwo.cn/nb/public/sharejump.php?type=25&uid=87052529
小泥巴,非常愉快，参加展会预订的，非常方便，设施也很不错。,5,2015-09-13,https://m.mafengwo.cn/nb/public/sharejump.php?type=25&uid=19996429
小鸟的探戈,很不错，很值得推荐的一家酒店。地理位置好，服务好，设施好，下次有机会还来。,5,2015-09-13,https://m.mafengwo.cn/nb/public/sharejump.php?type=25&uid=65794203
bairui,服务一流，品质高雅，地理位置较好，设施较新,5,2015-09-13,https://m.mafengwo.cn/nb/public/sharejump.php?type=25&uid=82928260
robbie,之前路过看到比较不错这次特意过来住下！房间很有中国风！感觉很舒服！下次还要住！,5,2015-09-13,https://m.mafengwo.cn/nb/public/sharejump.php?type=25&uid=46801815
胡辣汤,酒店不错，周边设施也很齐全，下次还会再去,5,2015-09-13,https://m.mafengwo.cn/nb/public/sharejump.php?type=25&uid=19996181
两点哥,环境很好，特别有有意境，交通也很方便，就是价格越来越贵了,5,2015-09-13,https://m.mafengwo.cn/nb/public/sharejump.php?type=25&uid=19991038
yunhancai,很有特点和风格的酒店，会展中心旁边，交通方便，就是自助早餐太简单了，与五星级酒店不符～,5,2015-09-13,https://m.mafengwo.cn/nb/public/sharejump.php?type=25&uid=64461721
tomyang,喜欢的酒店！安静舒适卫生间大，健身房游泳池桑拿一应俱全，下次还会住,5,2015-09-13,https://m.mafengwo.cn/nb/public/sharejump.php?type=25&uid=31222896
宝贝小吃货运...,不论是商务出差还是个人或家庭旅行都值得推荐,5,2015-09-13,https://m.mafengwo.cn/nb/public/sharejump.php?type=25&uid=19995535
丑丑,酒店很干净，硬件设施不错，软件条件也好。,5,2015-09-13,https://m.mafengwo.cn/nb/public/sharejump.php?type=25&uid=19958789
june_qian,酒店很上档次，细节方面做的很好，大堂很大气，我住过酒店中最喜欢的一个大堂，迎宾很漂亮可惜我已经结婚了，哈！酒店周边商场和小吃很多，其实直到我们回家那天才知道酒店的地下一两层就有小吃和商场，还有必胜客，下了酒店就是地铁入口出行很方便，下次去上海还住那儿！,5,2015-09-13,https://m.mafengwo.cn/nb/public/sharejump.php?type=25&uid=43445090
yeah_,如果你是在浦东机场下机后隔天转机，或是只在浦东新区转悠，在该地区出差，那我推荐该酒店。它就在悬浮列车站边上，距离浦东机场30公里不到的距离，（打车20-30分钟能到机场，120元。但到外滩就得花40-50分钟）周边商圈完善。五星酒店，硬件完善，服务周到。早餐还行，但不是最佳，晚上一楼自助餐300多（已含服务费）还是可以的，吃喝都很丰富。总之该酒店如果在你适合活动的区域内，性价比还是不错的。,5,2015-09-13,https://m.mafengwo.cn/nb/public/sharejump.php?type=25&uid=32243801
xieting426,家住附近，就算路过也一直没有过多的关注，过年适逢特惠就全家一起来体验一下。酒店整体比较低调，但服务很到位很贴心，比较国内其他酒店集团真的好很多。酒店特别为小朋友准备了拖鞋，拖鞋超舒服。连擦手巾和浴巾也都准备了三份，我们傍晚从公园回来时，为我们放下了窗帘，拖鞋也帮我们摆放到了床边。以前对威斯汀的床垫印象深刻，这次对卓美亚的床品同样刮目相看，尤其喜欢床上红色的靠枕，真的很舒服。自助餐的菜式精致品质不错，餐厅放菜的地方稍显局促。晚上在中庭还有乐队入驻，可以边品香茗边欣赏四周的字画。,5,2015-09-13,https://m.mafengwo.cn/nb/public/sharejump.php?type=25&uid=19953856
superbbj,欧舒丹的洗浴用品 完美的入睡体验 床和枕头都好 服务也好 关键是酒店文化引人入胜 中西碰撞很有味道,5,2015-09-13,https://m.mafengwo.cn/nb/public/sharejump.php?type=25&uid=85074493
smile_yap,环境不错，交通方便，隔音较好，拿的是特惠价格，还不错。,5,2015-09-13,https://m.mafengwo.cn/nb/public/sharejump.php?type=25&uid=61745737
shou_,去迪拜的时候住过卓美亚集团的酒店所以对这个集团印象很好，所以看到上海开了家他家品牌的酒店就果断想体验下，果然没有失望，而且2013年新开的各类设施都很新～唯一有点遗憾的是早餐种类少了些～～其他都很赞，下次依然会选择,5,2015-09-13,https://m.mafengwo.cn/nb/public/sharejump.php?type=25&uid=30613283
iroroo,离市中心有点小远，但是就在国际博览中心对面，酒店环境不错，也算高档次的，就是价格有点贵，可以考虑！,5,2015-09-13,https://m.mafengwo.cn/nb/public/sharejump.php?type=25&uid=19953972
mengfan,离会展中心很近，出差的好选择，酒店设计很有特色，还是不错的！,5,2015-09-13,https://m.mafengwo.cn/nb/public/sharejump.php?type=25&uid=31342080
linlin_,体验与众不同，装潢独特，近处的嘉里城也方便娱乐和用餐，交通便利。,5,2015-09-13,https://m.mafengwo.cn/nb/public/sharejump.php?type=25&uid=57197863
dinglejuan,"酒店很新,设备齐全. 非常现代化. 早餐还可以",5,2015-09-13,https://m.mafengwo.cn/nb/public/sharejump.php?type=25&uid=37367115
笔筒里的热狗,豪华酒店服务卫生都很好，早餐也够水准。一流酒店。就是不给开发票。,5,2015-09-13,https://m.mafengwo.cn/nb/public/sharejump.php?type=25&uid=51568111
qlyouleer,结婚纪念日住的，回味了结婚的感觉，很不错！,5,2015-09-13,https://m.mafengwo.cn/nb/public/sharejump.php?type=25&uid=65982486
hua努力,酒店建筑结构比较大初次入住没方向，一天后就可以适应了。不错，值得推荐,5,2015-09-13,https://m.mafengwo.cn/nb/public/sharejump.php?type=25&uid=19976714
lyjun,位置不错，花木板块，地铁便利。酒店环境很好，大堂的LED吊顶是特色。房间不错。,5,2015-09-13,https://m.mafengwo.cn/nb/public/sharejump.php?type=25&uid=72295981
美食煮艺,酒店很有特色，环境和卫生很好，就在展馆对面，交通非常便利,5,2015-09-13,https://m.mafengwo.cn/nb/public/sharejump.php?type=25&uid=19995801
飘落的小孩,酒店很有特色，环境很好，交通便利，服务不错,5,2015-09-13,https://m.mafengwo.cn/nb/public/sharejump.php?type=25&uid=19991590
nataliexixi,环境很好，很有自己的风格，老外很喜欢，离展馆很近，周边非常便利,5,2015-09-13,https://m.mafengwo.cn/nb/public/sharejump.php?type=25&uid=38918977
pdstongping,很好的一个酒店，品位高。唯一不足是高餐与整个酒店的档次相比显得品种少了点。,5,2015-09-13,https://m.mafengwo.cn/nb/public/sharejump.php?type=25&uid=82991220
piercehou_cn,离展馆很近，酒店环境很好，很有特色，老外很喜欢,5,2015-09-13,https://m.mafengwo.cn/nb/public/sharejump.php?type=25&uid=79535814
蓝杉,交通便利，旁边就是大型商业中心，吃饭很方便,5,2015-09-13,https://m.mafengwo.cn/nb/public/sharejump.php?type=25&uid=19994914
linyinxia,很好的酒店，离展会很近。旁边就是嘉里城很多饭店。,5,2015-09-13,https://m.mafengwo.cn/nb/public/sharejump.php?type=25&uid=86018305
aodailihaoben,酒店地理位置很好，周围商场有吃的玩的，很方便。外国朋友居住的比较多:-$,5,2015-09-13,https://m.mafengwo.cn/nb/public/sharejump.php?type=25&uid=75989793
smile,邻近展^， m然F了一c但还是很值得的， 附近的商店也很多， 十分方便。,5,2015-09-13,https://m.mafengwo.cn/nb/public/sharejump.php?type=25&uid=68736790
pipilujin,很好，方便舒适，直达地铁商场，服务一流，下次还来,5,2015-09-13,https://m.mafengwo.cn/nb/public/sharejump.php?type=25&uid=68289085
晕鬼wendy,挺好的，下次还会去住。我喜欢待在一楼大堂,5,2015-09-13,https://m.mafengwo.cn/nb/public/sharejump.php?type=25&uid=35468436
viviansawers,离展会很近，走路即可，又方便去做机场轻轨去浦东机场，非常方便。,5,2015-09-13,https://m.mafengwo.cn/nb/public/sharejump.php?type=25&uid=50759308
rocklee,酒店不错，离展馆非常近。是参加展会的人的好选择。酒店还给我免费升级。,5,2015-09-13,https://m.mafengwo.cn/nb/public/sharejump.php?type=25&uid=32752232
静临烟渚,好朋友来上海，想找去机场方便，地铁也方便的五星级酒店，就找到了这家。非常不错，龙阳路磁悬浮，二号线七号线都在附近。,5,2015-09-13,https://m.mafengwo.cn/nb/public/sharejump.php?type=25&uid=19993126
suhelovely,"环境位置好,房间相对安静,但房间较小,给个好评",5,2015-09-13,https://m.mafengwo.cn/nb/public/sharejump.php?type=25&uid=52026984
douglass,不错，去新国际博览中心很方便，以后还住那里。,5,2015-09-13,https://m.mafengwo.cn/nb/public/sharejump.php?type=25&uid=61134269
天使鸡肉女,对于参加展会的住客是绝佳的选择，走路去只需要5分钟，就在对面。一流的服务和设施。,5,2015-09-13,https://m.mafengwo.cn/nb/public/sharejump.php?type=25&uid=81955158
秋雪的美丽,酒店位置不错，设施不错，感觉装修风格也不错中式的多一些,5,2015-09-13,https://m.mafengwo.cn/nb/public/sharejump.php?type=25&uid=33460057
神之伊格尼斯,酒店位于会展中心，对我的商务活动非常方便；下次还会入住。,5,2015-09-13,https://m.mafengwo.cn/nb/public/sharejump.php?type=25&uid=19994335
在下tony有何贵干,很有趣的酒店 设计很到位 地点很方便 很好的,5,2015-09-13,https://m.mafengwo.cn/nb/public/sharejump.php?type=25&uid=19920306
dxywll_,不错的酒店，内部和外部的设计我都喜欢，很有艺术气息。,5,2015-09-13,https://m.mafengwo.cn/nb/public/sharejump.php?type=25&uid=77735848
qblueant,舒适，卫生，环境幽雅，房间设施齐全，服务非常到位！,5,2015-09-13,https://m.mafengwo.cn/nb/public/sharejump.php?type=25&uid=80413670
近藤晴明,环境好，就是离市区不太方便，到机场方便。,5,2015-09-13,https://m.mafengwo.cn/nb/public/sharejump.php?type=25&uid=19942048
窝我的狗宝,很干净的房间，清静，好！,5,2015-09-13,https://m.mafengwo.cn/nb/public/sharejump.php?type=25&uid=62742879
angelinda_gao,酒店服务很好，房间也很安静，早餐也不错，自助餐不行！,5,2015-09-13,https://m.mafengwo.cn/nb/public/sharejump.php?type=25&uid=56172543
不为了勉强,人性化的服务，干净卫生的房间，非常舒服，很好。还会再次选择这个酒店的,5,2015-09-13,https://m.mafengwo.cn/nb/public/sharejump.php?type=25&uid=62287179
wadidudu,很美的酒店，没有预定的豪华房间，帮我免费升级为超级豪华房，美滋滋！,5,2015-09-13,https://m.mafengwo.cn/nb/public/sharejump.php?type=25&uid=31654843
jennie_,地理位置好 交通便利 很好找 早餐也不错,5,2015-09-13,https://m.mafengwo.cn/nb/public/sharejump.php?type=25&uid=42606595
oooyo,非常不错。值得推荐！附近周边配套很好，有大型商场，很安静！,5,2015-09-13,https://m.mafengwo.cn/nb/public/sharejump.php?type=25&uid=32054710
debugtaobao,帮同事订的，同事来上海新国际博览中心参加展会，酒店就在会场的对面，交通非常方便。,5,2015-09-13,https://m.mafengwo.cn/nb/public/sharejump.php?type=25&uid=37326204
lanmeili,干净舒适，洗浴用品佳，只是车展览期间较贵。,5,2015-09-13,https://m.mafengwo.cn/nb/public/sharejump.php?type=25&uid=44344234
颜色旋律与和谐,给老爸老妈定的酒店，退休旅行，他们说不错阿。,5,2015-09-13,https://m.mafengwo.cn/nb/public/sharejump.php?type=25&uid=78802094
tiddylw,每年都往这酒店，看展会方便，吃喝都方便。,5,2015-09-13,https://m.mafengwo.cn/nb/public/sharejump.php?type=25&uid=54576058
kaylee,不愧是帆船酒店同一家得酒店管理集团，方方面面都做得很到位，对得起5星级得标准，一点水分都没有。向各位强烈推荐。,5,2015-09-13,https://m.mafengwo.cn/nb/public/sharejump.php?type=25&uid=31257198
李大嘴嘴里,酒店真的不错，如果嫌贵的话 还是提前预付款可以订到便宜的价钱的房间，我这次太急了。,5,2015-09-13,https://m.mafengwo.cn/nb/public/sharejump.php?type=25&uid=19956253
magicangilina,不错，服务很好，饮食也好，离展馆近，还有商场电影院。,5,2015-09-13,https://m.mafengwo.cn/nb/public/sharejump.php?type=25&uid=82432228
yan_g,地理位置佳，硬件设备好，服务不错，值得推荐。,5,2015-09-13,https://m.mafengwo.cn/nb/public/sharejump.php?type=25&uid=50110639
leiacat,不亏是迪拜集团旗下的酒店 各方面都很优秀 酒店周围也很便利,5,2015-09-13,https://m.mafengwo.cn/nb/public/sharejump.php?type=25&uid=19953786
xiaoyuesdu,"位于展览中心旁边,参展方便,房间干净舒适,服务好",5,2015-09-13,https://m.mafengwo.cn/nb/public/sharejump.php?type=25&uid=83285028
skynorman,位置好，就在展览中心旁边。酒店装修很新，设施很好。推荐入住。,5,2015-09-13,https://m.mafengwo.cn/nb/public/sharejump.php?type=25&uid=71013844
monica_wen,周围环境很好，酒店的装修很有特色，自助餐不错,5,2015-09-13,https://m.mafengwo.cn/nb/public/sharejump.php?type=25&uid=63757340
qnverw,位置很好，装修风格很有特色，自助餐的味道很好,5,2015-09-13,https://m.mafengwo.cn/nb/public/sharejump.php?type=25&uid=49674488
tainangege,位于上海展览馆旁边，交通便利，酒店真不错，外观内在都值得推荐，就是价格稍微有点贵,5,2015-09-13,https://m.mafengwo.cn/nb/public/sharejump.php?type=25&uid=55583169
王洪淘3435,酒店很漂亮，中式风格，帮朋友订的，为了看车展，对面就是，非常方便,5,2015-09-13,https://m.mafengwo.cn/nb/public/sharejump.php?type=25&uid=19997844
rickywong,替朋友订的，因为参观车展，非常方便，对面就是，房间也很漂亮，中式风格,5,2015-09-13,https://m.mafengwo.cn/nb/public/sharejump.php?type=25&uid=68243022
oceanewang,大老板非常满意，大老板非常满意，大老板非常满意，大老板非常满意，大老板非常满意，大老板非常满意，,5,2015-09-13,https://m.mafengwo.cn/nb/public/sharejump.php?type=25&uid=41048128
超级无敌美文文,参加车展绝对方便，走过去200米就是2号入口大厅。大堂很有特色。,5,2015-09-13,https://m.mafengwo.cn/nb/public/sharejump.php?type=25&uid=42186126
zjjhgdc,好好好好好好好好好好好好好好好好好好好好好好好好好好好好好好好好好,5,2015-09-13,https://m.mafengwo.cn/nb/public/sharejump.php?type=25&uid=72549523
嘟嘟哈宝宝,好好好好好好好好好好好好好好好好好好好好好好好好好好好好好好,5,2015-09-13,https://m.mafengwo.cn/nb/public/sharejump.php?type=25&uid=51912224
爱逛的佑子,中国风，配套家具舒适，洗漱用品是欧舒丹，迪拜帆船酒店的中国连锁酒店，不错！,5,2015-09-13,https://m.mafengwo.cn/nb/public/sharejump.php?type=25&uid=35805857
wwkan008,环境好，服务不错，大堂很特别，值得一住。,5,2015-09-13,https://m.mafengwo.cn/nb/public/sharejump.php?type=25&uid=19988163
miahorse,很好.设施. 服务都很棒. 希望大家都去感受！,5,2015-09-13,https://m.mafengwo.cn/nb/public/sharejump.php?type=25&uid=64999129
jindian,还可以还可以还可以还可以还可以还可以还可以,5,2015-09-13,https://m.mafengwo.cn/nb/public/sharejump.php?type=25&uid=84076896
风吹佩兰,酒店临近会展中心，参加展会住宿很方便，房间安静，很适合商务出差住宿。,5,2015-09-13,https://m.mafengwo.cn/nb/public/sharejump.php?type=25&uid=19967095
northstarboy,临近会展中心，参加展会住宿很方便，房间安静，很适合商务出差住宿。,5,2015-09-13,https://m.mafengwo.cn/nb/public/sharejump.php?type=25&uid=57775900
pinky,贵，低调奢华。大堂中间的亭子下有走廊去地下的商街，有趣。升级的房子超大，很好,5,2015-09-13,https://m.mafengwo.cn/nb/public/sharejump.php?type=25&uid=19994575
我是个栗子,环境不错，位置不错，服务不错，都挺好的。,5,2015-09-13,https://m.mafengwo.cn/nb/public/sharejump.php?type=25&uid=71588035
heyaqingg,世纪公园附近，交通出行方便，服务还行，房间不错。,5,2015-09-13,https://m.mafengwo.cn/nb/public/sharejump.php?type=25&uid=41113789
musicfish,非常好的高端商务酒店。估计除了价格，没有别的缺点了。地理位置不是浦东的核心地段，但是安静方便。设施很新，服务很好。,5,2015-09-13,https://m.mafengwo.cn/nb/public/sharejump.php?type=25&uid=73652728
唯一,开始觉得这个名字挺有意思，总是念成卓美喜马拉雅。言归正传，酒店挺不错，推荐去附近办事出差入住。,5,2015-09-13,https://m.mafengwo.cn/nb/public/sharejump.php?type=25&uid=19959273
龙猫小姐,临地铁临国际展览中心吃喝方便旁边有电影院，去浦东机场方便。开展会时价与平日相比格波动较大。,5,2015-09-13,https://m.mafengwo.cn/nb/public/sharejump.php?type=25&uid=53315972
leelingle,酒店非常不错，还免费升级了，房间很大，酒店服务也很好。酒店非常不错，还免费升级了，房间很大，酒店服务也很好。,5,2015-09-13,https://m.mafengwo.cn/nb/public/sharejump.php?type=25&uid=36141744
树梢的风xiao,去浦东新区合作公司谈项目开会，地址比较合适，正值会议期间预定比较紧张，酒店总体感觉还不错,5,2015-09-13,https://m.mafengwo.cn/nb/public/sharejump.php?type=25&uid=55833790
随风散落,酒店位置好交通便利，管理不错，卫生环境好。服务质量也高。整体不错，推荐。,5,2015-09-13,https://m.mafengwo.cn/nb/public/sharejump.php?type=25&uid=19952932
echolqj,酒店将现代科技与古老的中国文化完美融合，让人印象深刻！唯一觉得有些细节需要改进，如无纸化check in，地毯的颜色清理等等,5,2012-09-30,https://m.mafengwo.cn/nb/public/sharejump.php?type=25&uid=63618477
梦笔生花,这个酒店不错，交通便利，总体来说，奢侈，好。就是有点贵,5,2012-09-27,https://m.mafengwo.cn/nb/public/sharejump.php?type=25&uid=19970713
nmymzzy,非常棒的酒店，非常棒的酒店，非常棒的酒店，非常棒的酒店，非常棒的酒店，非常棒的酒店，非常棒的酒店，非常棒的酒店，非常棒的酒店，非常棒的酒店，,5,2012-09-27,https://m.mafengwo.cn/nb/public/sharejump.php?type=25&uid=53619168
lonely,酒店位于上海新国际展览中心对面，交通非常方便，7号线直达花木路站，上楼就是，酒店硬件没有非常棒，价格也适中，是个商务招待宴请的好地方，但是酒店客房服务人员的服务差和那么漂亮的酒店是在反差有点大，有点失望,5,2012-09-25,https://m.mafengwo.cn/nb/public/sharejump.php?type=25&uid=41782904
幸福的米虫_,很好，很方便，开展览会最方便了，就在马路对面,5,2012-09-20,https://m.mafengwo.cn/nb/public/sharejump.php?type=25&uid=70880982
第二只绿色金鱼,很棒的酒店，服找埠苤艿健５是就是r太高。。。,5,2012-09-17,https://m.mafengwo.cn/nb/public/sharejump.php?type=25&uid=86960569
hemaka,"每次去都是开展会,去年也是住的这里,今年再次入住,服务什么都保持很好,设施都很新.因为迪拜也去过,酒店大堂的音乐很有中东的风格,以后去那里应该还会继续选择.",5,2012-09-16,https://m.mafengwo.cn/nb/public/sharejump.php?type=25&uid=49830379
lululululu,昂贵的价钱当然得到的也是高级的服务，酒店无论从软件还是硬件上来说都是很棒的，服务也很不错。环境什么的自然也是没有话说~~~~很适合享受型的度假~~~,5,2012-09-16,https://m.mafengwo.cn/nb/public/sharejump.php?type=25&uid=56011694
马蜂窝用户,一分价钱一分货啊！！！LEVEL不一样啊！！！的确各方面都是很棒的！！！不论是硬件还是软件都没得话说~~~~,5,2012-09-16,https://m.mafengwo.cn/nb/public/sharejump.php?type=25&uid=19986524
zhangda66288,朋友入住说是很好，服务设施设备，周围环境都很舒适，不愧为顶级酒店！,5,2012-09-05,https://m.mafengwo.cn/nb/public/sharejump.php?type=25&uid=19972988
liuchangliuchang,风格独特很有味道，有艺术气息，与一般的五星酒店相比，有独特之处。靠近嘉里城，经常被人与嘉里大酒店比较。,5,2012-07-31,https://m.mafengwo.cn/nb/public/sharejump.php?type=25&uid=33609265
施施妹mm,第一次住该酒店，价格虽贵，真心觉得还不错，枕头的选择都还有的挑。房间豪华，安静，服务态度也非常好，大厅的水准也很高，前台服务都还不错，门房有那么点高傲的感觉，类似英国佬那种，稍微有点欠扁，其他都还不错，预定的电话比较麻烦，广东人，国语讲得那个纠结……好在英文不错,5,2012-07-31,https://m.mafengwo.cn/nb/public/sharejump.php?type=25&uid=36170643
沙洲孤鸿,卓美亚喜玛拉雅酒店交通方便，特别是去展馆很方便，酒店环境和设施不错，下次出差还会选择这家酒店。,5,2012-07-19,https://m.mafengwo.cn/nb/public/sharejump.php?type=25&uid=19961918
janechen,硬件很好，卫生间大，床上用品舒适。 大堂非常特别，很有中国特色。 早餐一般，不过面条不错。 停车方便，停车位比较多，交通方便。,5,2015-09-13,https://m.mafengwo.cn/nb/public/sharejump.php?type=25&uid=43906352
yanan,酒店环境很好，设计独特，交通方便，出门右拐就是地铁站。,5,2018-07-31,https://m.mafengwo.cn/nb/public/sharejump.php?type=25&uid=39859720
阮碧莲,很喜欢的酒店，设计很棒，尤其是浴室很喜欢。但这次入住感觉前台人员工作速度很慢，对于我提出要办会员显出一副漫不经心的样子，有欠专业。其他服务都给好评。,5,2015-09-05,https://m.mafengwo.cn/nb/public/sharejump.php?type=25&uid=19990718
jiamin,总体评价不错，就是修电视等了好久。不过周边吃东西看电影等都很方便。,5,2015-09-01,https://m.mafengwo.cn/nb/public/sharejump.php?type=25&uid=86863124
海河里的鱼,真心不错，大堂很炫，建筑风格很别致。硬件软件都很好，早餐花式品种繁多，味道也挺好。房价不贵含双早，性价比很高。下次还会入住。,5,2015-09-13,https://m.mafengwo.cn/nb/public/sharejump.php?type=25&uid=19994679
lxm_tomato,房间比较清洁宽敞，晚餐自助性价比不高，318不含酒水。,5,2015-09-13,https://m.mafengwo.cn/nb/public/sharejump.php?type=25&uid=87188920
kitty_tanxin,环境条件都可以，就是对于预订部有一点的意见，不人性化，没有考虑客户的感受。差评,5,2015-09-13,https://m.mafengwo.cn/nb/public/sharejump.php?type=25&uid=66836020
faye菲faye,酒店环境很好，非常安静，客房的设施和洗漱用品都很好，使用也比较方便，早餐也不错，选择比较多，下次可以再去,5,2015-09-13,https://m.mafengwo.cn/nb/public/sharejump.php?type=25&uid=75510152
laishujie,客房的遮光，安静等方面都做得很好，就是酒店整体色调有点沉,5,2015-09-13,https://m.mafengwo.cn/nb/public/sharejump.php?type=25&uid=41126895
觅梦shm,由于预订的房型已满房，酒店方面免费替我升级到顶楼的复式套房，房间装修格调与细节韵致乃至服务都没得挑，日本客户特别满意，再三拜托我一定要谢谢前台的田经理贴心、细微入至安排。,5,2015-09-13,https://m.mafengwo.cn/nb/public/sharejump.php?type=25&uid=19996091
sandy00700,都还可以，符合这个价位，周围吃饭很方便，酒店装修很有特色，出门就是七号线的终点站，去哪都很便利，下次去浦东还会考虑,5,2015-09-13,https://m.mafengwo.cn/nb/public/sharejump.php?type=25&uid=19925598
dubao,环境很好，服务也很好！早餐品质好品种多！,5,2015-09-13,https://m.mafengwo.cn/nb/public/sharejump.php?type=25&uid=81348496
wwban,入住还是比较愉快的，前台给升级到了15楼，视野不错的，浴室特别大，要求加婴儿床需要垃圾袋，速度快，服务也好，床虽然很软但是睡的很舒服，一点不累，早餐比较丰盛，但不是太合我的口味，儿童俱乐部比较简陋，就在大堂临时围了一块区域，周边吃饭购物出行都比较方便，总体上性价比挺高的！,5,2015-09-13,https://m.mafengwo.cn/nb/public/sharejump.php?type=25&uid=84397850
juan_lx,地理位置稍偏，酒店整体环境及配套相当不错，早餐时品种丰富就是人太多。  预定时运气还不错但后面再关注就没有之前预定时的价格了，大上海酒店无数，竞争激烈，如果价格下不来那就要考虑是否今后还继续入住。,5,2015-09-13,https://m.mafengwo.cn/nb/public/sharejump.php?type=25&uid=48901380
daisy小玲,酒店地点很好，地铁就在门口，环境好，房间也挺大的酒店，早餐丰富，附近也有很多吃饭的地方，酒店卫生和服务都值得称赞。,5,2015-09-13,https://m.mafengwo.cn/nb/public/sharejump.php?type=25&uid=71696403
kilygo,前台服务很不错，帮忙升了级，进入房间后又来电询问是否满意。房务阿姨生疏把拖鞋放错了，之后又换好了。整体氛围非常有bigger，值得推荐。,5,2015-09-13,https://m.mafengwo.cn/nb/public/sharejump.php?type=25&uid=36018687
feibatistuta,环境优美 交通方便 除了酒店门口接待人员服务欠缺外 一切对的起这个价格 值得推荐,5,2015-09-13,https://m.mafengwo.cn/nb/public/sharejump.php?type=25&uid=67377706
ghost,硬件条件很不错，服务反倒差了些：开夜床没问题，但早餐没人主动过来问需要喝什么……,5,2015-09-13,https://m.mafengwo.cn/nb/public/sharejump.php?type=25&uid=64023212
queenie,酒店装修设计不错，房间里设计的也很喜欢。,5,2015-09-13,https://m.mafengwo.cn/nb/public/sharejump.php?type=25&uid=56234678
photo,2年多前帮朋友逛喜马拉雅商场逛到这里想到哪天能体验一下就好了 正好有了合适的价位和时间与女友体验了一晚。房间比想象中大很多 景色也还好只是窗户很脏 服务么 也只是一般 感觉都蛮忙的没有那种热情温暖倒也没那么冷漠 房间清理得特别快 晚上陪女友吃饭 吃完饭回来床单各种全部换新掉 只是把浴袍也给收走了  那口袋里还有从日本带来的眼药水= 介意是小东西也就不麻烦酒店找当作丢失了。早餐很不错 想吃什么基本都有 还可以叫厨师专门做 只是厨师也蛮忙有时不一定照顾得过来 最喜欢的是床具 睡得很舒服 总体来说还是不错 还会再次选择。,5,2015-09-13,https://m.mafengwo.cn/nb/public/sharejump.php?type=25&uid=48725287
sugus,酒店大堂非常有特色，房间装修用精也很足，非常棒！,5,2015-09-13,https://m.mafengwo.cn/nb/public/sharejump.php?type=25&uid=54633769
douba,房间和服务比想象的好， 到旁边嘉里城也近,5,2015-09-13,https://m.mafengwo.cn/nb/public/sharejump.php?type=25&uid=19997741
jinai,入住和退房都非常快，标准五星设施。唯一感到很困惑的是自助早餐吧居然只有一个宝宝椅，而且这么大的酒店就搬不来第二个了。。,5,2015-09-13,https://m.mafengwo.cn/nb/public/sharejump.php?type=25&uid=33724784
gmhjwz,已经N多次入住这个酒店了，虽然整体位置比较偏，但现在的交通非常方便和发达，所以基本可以填补这方面的缺陷。但酒店的设计和风格还是值得给予赞赏的。,5,2015-09-13,https://m.mafengwo.cn/nb/public/sharejump.php?type=25&uid=79246001
lumen,交通便利门口就是地铁7号线花木路站，酒店斜对面就是嘉里城购物中心；五星酒店设施良好，设计风格是中国风，很舒服！,5,2015-09-13,https://m.mafengwo.cn/nb/public/sharejump.php?type=25&uid=64680133
doctor,浦东新国际博览中心板块，地铁七号线花木路站，近世纪公园和磁悬浮，出行方便周围环境好。大堂很有特色接待热情，房间干净简洁。晚饭后已经做好了夜床服务，真的很细致体贴。以后还是会一直选择喜马拉雅。,5,2015-09-13,https://m.mafengwo.cn/nb/public/sharejump.php?type=25&uid=50458698
爱屋及乌00,酒店环境很不错，设施也很到位，服务人员都很热情，赞一个！,5,2015-09-13,https://m.mafengwo.cn/nb/public/sharejump.php?type=25&uid=19973905
huang,半年没来，酒店的洗漱用品居然不再是W舒丹了！@是有多省X啊～有p卓美的形象和品|啊！,5,2015-09-13,https://m.mafengwo.cn/nb/public/sharejump.php?type=25&uid=19973518
newbeeforever,酒店肯定是好的，唯一美中不足的是吃早饭要等位，283一位的自助晚餐没有三文鱼让人无语。,5,2015-09-13,https://m.mafengwo.cn/nb/public/sharejump.php?type=25&uid=38259796
moqilanxin,很有风格的酒店，特别是大堂吧顶部的那块全液晶显示屏，很霸气。,5,2015-09-13,https://m.mafengwo.cn/nb/public/sharejump.php?type=25&uid=79947797
yenasu,一直住的酒店。几种房型都住过了，如果不是全家出行，个人觉得最基本的豪华房就能满足需求了，订了好多次这是第二次住上，以前都给免费升级房型，但我还是很偏爱这种，呵呵。性价比好服务人员热情，很不错的酒店！,5,2015-09-13,https://m.mafengwo.cn/nb/public/sharejump.php?type=25&uid=67582470
pinkxjieyi,一直在住的酒店，外表朴实大堂很惊艳，服务人员都很热情。下面就是地铁七号线，去龙阳路磁悬浮也很方便。以后还会住下去的。,5,2015-09-13,https://m.mafengwo.cn/nb/public/sharejump.php?type=25&uid=82725609
studio,整体环境不错，大堂新中式的设计有特点，早餐一般,5,2015-09-13,https://m.mafengwo.cn/nb/public/sharejump.php?type=25&uid=30571325
dxywll_,酒店较偏，硬件尚可，但自然采光不行，太暗。,5,2015-09-13,https://m.mafengwo.cn/nb/public/sharejump.php?type=25&uid=77735848
chanjia,酒店各方面还不错，只是人气不旺，旁边的商场一般,5,2015-09-13,https://m.mafengwo.cn/nb/public/sharejump.php?type=25&uid=68746618
zhangzihui,酒店设计比较新颖有特色，房间超大，服务很好，下次还会入住,5,2015-09-13,https://m.mafengwo.cn/nb/public/sharejump.php?type=25&uid=72940673
gaoya,600多含早超值！住得很舒服！服务也不错！银行卡丢在餐厅很快来电通知！淡季还会去住。,5,2015-09-13,https://m.mafengwo.cn/nb/public/sharejump.php?type=25&uid=64366949
落寞的猫抓板,酒店很不错，就是早餐和退房需要排队，游泳池稍微小了点，但不是什么问题，周边很棒，整体给5星~,5,2015-09-13,https://m.mafengwo.cn/nb/public/sharejump.php?type=25&uid=68246733
东南风五到六级,出门就是7号线花木站，离2号线10分钟路程。旁边是商场电影院，对面是浦东嘉里不夜城和美食街。房间设施很好，淋浴用品很赞，健身中心特别喜欢。大堂很有特色。,5,2015-09-13,https://m.mafengwo.cn/nb/public/sharejump.php?type=25&uid=19994602
noentry,房间好小，浴缸都没有，前台大厅略显小家子气。早餐还不错。健身房很不错，泳池水温正好，就是泳池尺寸太小。,5,2015-09-13,https://m.mafengwo.cn/nb/public/sharejump.php?type=25&uid=70036439
gerong,房间设施很新 提供儿童床和拖鞋 健身房里的温水池适合儿童戏水,5,2015-09-13,https://m.mafengwo.cn/nb/public/sharejump.php?type=25&uid=47189846
爱新觉罗毛,不错 好服务 因为自驾感觉位置也好 喜欢酒店大堂,5,2015-09-13,https://m.mafengwo.cn/nb/public/sharejump.php?type=25&uid=70530769
bianjing,和闺蜜在外面过夜的选择，出乎意料的棒，装修风格也很特别。可以免费停车，出门也有地铁。,5,2015-09-13,https://m.mafengwo.cn/nb/public/sharejump.php?type=25&uid=38636167
lanbbe,挺好的，除了春节期间早餐人居多，要排队，建议改进。,5,2015-09-13,https://m.mafengwo.cn/nb/public/sharejump.php?type=25&uid=63733894
minscorpionfm,酒店总体感觉还行，美中不足是早餐要排队，品种太少。,5,2015-09-13,https://m.mafengwo.cn/nb/public/sharejump.php?type=25&uid=71907395
viviankisses,整体感觉非常好，客房干净，服务也很好，打电话让送餐盘开酒器速度都很快。早餐也比较丰盛，选择种类较多。,5,2015-09-13,https://m.mafengwo.cn/nb/public/sharejump.php?type=25&uid=33035400
奇怪的鲤鱼,门童基本的服务都不具备，定的带浴缸的房间也没有。懒得去理论。没有再想住的欲望。,5,2015-09-13,https://m.mafengwo.cn/nb/public/sharejump.php?type=25&uid=36643984
chenab,中国风情的酒店！房间很大，服务到位，超赞！唯一美中不足就是刚进房间有股味道！,5,2015-09-13,https://m.mafengwo.cn/nb/public/sharejump.php?type=25&uid=80677912
hotjava,非常不错的酒店，地理位置稍微有点偏，但是周边的嘉里城和喜马拉雅中心完全可以满足购物吃饭需求，酒店大堂很有特色，有漂亮的投影，早餐也很丰富，只是入住期间游泳池维修，颇有遗憾，推荐入住！,5,2015-09-13,https://m.mafengwo.cn/nb/public/sharejump.php?type=25&uid=30219796
furong_lover,一直入住的酒店 房间床垫非常舒服 大堂一进门就给人非常舒服的感觉 设计也非常特别 风水设计的酒店 估计老外会更喜欢 国际会议中心就在马路对面 要做地铁的话出酒店就是七号线的花木路终点站 机场过来可以做磁悬浮或者二号线 就是周边到底不像市中心那么热闹 晚上还是有点冷清 如果太晚回酒店只有打车 市中心过去的话不便宜啊 五六十元 不过总体来说我还是很喜欢的 有特价的话是最好的选择,5,2015-09-13,https://m.mafengwo.cn/nb/public/sharejump.php?type=25&uid=60838276
viviansz,有婴儿床提供，交通方便，服务员态度好，??????,5,2015-09-13,https://m.mafengwo.cn/nb/public/sharejump.php?type=25&uid=68011209
菲蓝都市,房间宽敞，性价比真高。早餐丰富，早餐品种很多。服务员热情客气。大堂富有特色。床品舒服。隔壁就是嘉里中心购物吃饭非常方便。对面还好许多有特色的餐厅。,5,2015-09-13,https://m.mafengwo.cn/nb/public/sharejump.php?type=25&uid=19956636
咏雪儿xy,大堂的外观和风格有点前卫，客房很舒适，靠近会展中心非常方便！,5,2015-09-13,https://m.mafengwo.cn/nb/public/sharejump.php?type=25&uid=41365320
cby吴骥,不知道是第几次入住了，还是一如既往的靠谱，喜欢大堂的风格和环境，一进酒店大堂里味道也很香，很优雅，客房更不谈了，一如既往的舒适，特别喜欢他家的床垫和枕头就是舒服，一早起来看看对面的博览中心，也确实别有一番味道，继续给个赞，以后还会来。,5,2015-09-13,https://m.mafengwo.cn/nb/public/sharejump.php?type=25&uid=19991118
dancy,性价比高，交通方便，2号线7号线地铁都可到达，地下停车场到房间没有直达电梯不太方便，房间有灰尘,5,2015-09-13,https://m.mafengwo.cn/nb/public/sharejump.php?type=25&uid=72745131
dldali,环境硬件什么的 都是一流的。。。床很舒服  外面党风风景也不错。。为什么要50个字。。。。。。。。。,5,2015-09-13,https://m.mafengwo.cn/nb/public/sharejump.php?type=25&uid=81963203
zxchris,地铁交通方便，自驾的话提供免费停车。客房宽敞，装修不错。WIFI 方便。早餐丰盛，服务周到。卫生间淋浴龙头出了点小问题，一经提出，马上维修完成。泳池干净，人少。值得推荐。,5,2015-09-13,https://m.mafengwo.cn/nb/public/sharejump.php?type=25&uid=87425651
vivian_lee,从浦东机场做2号地铁到酒店很方便、出了地铁站口就是酒店、酒店附近饮食店，便利店小超市也很多、前台办理入住和退房手续也很快、门口的礼宾服务生也很尽责、房间我本人很满意、特别要说的是、我对茶叶茶包的要求很高、这家酒店的茶包很棒、非常好！希望一如既往。,5,2015-09-13,https://m.mafengwo.cn/nb/public/sharejump.php?type=25&uid=59288218
小马哥james,有特色、房间也虼蟆⒂境匚露扔械闾低。连着商场很方便。,5,2015-09-13,https://m.mafengwo.cn/nb/public/sharejump.php?type=25&uid=70345929
kikivizi,还没有check out。已经迫不及待的评价。同类型酒店住过十几个品牌，卓美亚的这次就一句话，我注意的点都很到位，高于预期。还会再来。服务前台很棒，礼宾部有个电话处理上有些问题。,5,2015-09-13,https://m.mafengwo.cn/nb/public/sharejump.php?type=25&uid=38113193
xieting426,"位置真的不错,浦东机场做磁悬浮出来没多远就到了.服务很好,早饭很不错.",5,2015-09-13,https://m.mafengwo.cn/nb/public/sharejump.php?type=25&uid=19953856
嘉年华大熊,"已经住过几次,这次入住发现房间床下有垃圾小地方不是经常清洁,走道有客人随手丢下的垃圾,未及时清洁;高档酒店的住客素质 也不是很高,其他方面还是很好!",5,2015-09-13,https://m.mafengwo.cn/nb/public/sharejump.php?type=25&uid=61736310
xiaomitangtang,卓美亚的品牌服务很好，卫生间很大，布置是顶级五星的做派，卧室还有电动遮阳帘，床睡的也挺舒服，早餐很丰盛。唯一的就是大堂较暗。,5,2015-09-13,https://m.mafengwo.cn/nb/public/sharejump.php?type=25&uid=72568591
reallovezidane,卓美亚的品牌服务很好，刚入住发现房间有点小问题，前台马上说帮我们换房间并且升级了房型。但是酒店大厅有点偏暗。房间角落的卫生也不是很干净。,5,2015-09-13,https://m.mafengwo.cn/nb/public/sharejump.php?type=25&uid=58968124
kelopy,房间和服务都不错，周围也有很多餐馆可选。只是多加一份早餐太贵-??237！,5,2015-09-13,https://m.mafengwo.cn/nb/public/sharejump.php?type=25&uid=42901224
wuyunsheng_,酒店整体的装修风格中式，大堂算是五星级酒店里较有特色的了。一进门入眼的就是檀木巨型龙船，抬头是满目的草书，但也有现代的巨幕LED屏幕，雪花点点，应和了冬季。  房间亦是中式。如果要说缺点的话，空调太过强劲，而且温度设置形同虚设，身处其中实在是闷热，所幸窗户尚能小开透气。另外洗手间现代的半透明设计但无遮光帘可使用，对于一方睡眠较浅的话不得不说是个不小的缺陷。  酒店的自助早餐是个败笔吧。种类少，东西差，补货也很不及时，住过的星级酒店里数一数二地差。 中餐厅和日式餐厅也很一般。  always a but. 酒店的服务还是很不错的，热情，及时，周到，很舒服。仍推荐！,5,2015-09-13,https://m.mafengwo.cn/nb/public/sharejump.php?type=25&uid=50223523
ljfwm,我觉得这个酒店管理不太人性化！硬件么也好的，但是怎么都不是亲人。我宁可价钱贵一点去住喜来登由由了！而且还有一泊二食套餐。,5,2015-09-13,https://m.mafengwo.cn/nb/public/sharejump.php?type=25&uid=32928257
kaixinhuihui,很满意的酒店，洗漱用品很有档次，从不用酒店的洗漱品，这次觉得好用，300米就是嘉里，吃喝的店铺很多，B1就是地铁，出行方便，喜欢,5,2015-09-13,https://m.mafengwo.cn/nb/public/sharejump.php?type=25&uid=34164897
相片小小姐,装修风格很喜欢 洗浴的东西也比其他五星酒店好,5,2015-09-13,https://m.mafengwo.cn/nb/public/sharejump.php?type=25&uid=73390595
zhangsitai,很富丽堂皇的酒店，房间也很不错，就是服务态度不太好,5,2015-09-13,https://m.mafengwo.cn/nb/public/sharejump.php?type=25&uid=74838355
加加文,层高很高，让人舒服。另外最近很多酒店按了请清扫的键也无人响应的，这家及时贴心的做了相应服务。好评。  游泳池很小，我的泳镜出了点状况，服务人员耐心细致的提供了帮助，感谢！,5,2015-09-13,https://m.mafengwo.cn/nb/public/sharejump.php?type=25&uid=19997019
xfevv,大品牌酒店 就是装修不是很精细。其它都符合五星,5,2015-09-13,https://m.mafengwo.cn/nb/public/sharejump.php?type=25&uid=49205915
Jian,酒店房间很宽敞舒适，有一个大气的大堂，前台接待非常热情。不错的酒店。以后还会选择入住,5,2015-09-13,https://m.mafengwo.cn/nb/public/sharejump.php?type=25&uid=19991887
北极下雪88,非常好，。                   下次还住,5,2015-09-13,https://m.mafengwo.cn/nb/public/sharejump.php?type=25&uid=19989988
pinkzerg,卫生间超大，床很舒服。但是房间是靠里面的，没有阳光，小缺憾。,5,2015-09-13,https://m.mafengwo.cn/nb/public/sharejump.php?type=25&uid=78315083
roosa_cn,地方交通方便，价格稍为高了点，服务还是不错,5,2015-09-13,https://m.mafengwo.cn/nb/public/sharejump.php?type=25&uid=56954096
txq青青子,酒店的设计很特别，环境很好，地理位置也很好，如果服务再好些就更好了。,5,2015-09-13,https://m.mafengwo.cn/nb/public/sharejump.php?type=25&uid=68547378
jfgege,地理位置不错，就在上海新国际博览中心对面，出差展会很方便，而且就在地铁7号线上。边上餐饮娱乐很多，不错。服务态度有待提高,5,2015-09-13,https://m.mafengwo.cn/nb/public/sharejump.php?type=25&uid=46543001
lindasong_,帮朋友订的 说是挺满意的 因为10月3日世纪公园看烟花 位置很方便了,5,2015-09-13,https://m.mafengwo.cn/nb/public/sharejump.php?type=25&uid=36140446
zhliuxiao,"已经是第二次入住：门口就有地铁站、过马路就是嘉里中心和国际展览中心-逛的吃的应有尽有,步行10分钟就是世纪公园;酒店设施新、落地玻璃将周边景色尽收眼底；还提供婴儿用品等。不愧于该著名的酒店品牌。就是隔音一般，外面音乐声清晰可听见。",5,2015-09-13,https://m.mafengwo.cn/nb/public/sharejump.php?type=25&uid=76594768
sirius,朋友去展览馆看汽车改造展，因为离得近就定了这个酒店。他们觉得地方很好，设施也新，服务也不错。比较好的酒店,5,2015-09-13,https://m.mafengwo.cn/nb/public/sharejump.php?type=25&uid=58923326
lugogo,整体性价比挺高的，停车场车位比较充裕，床和枕头的软度刚合适，退房处理速度较快，服务水平和早餐都挺不错的。,5,2015-09-13,https://m.mafengwo.cn/nb/public/sharejump.php?type=25&uid=67497565
h_flying,酒店位置和设施都挺好，房间很大而且可以直接看到城墙。一共住了五天，但是美中不足的是有两天发间打扫之后东西都没有放全，一天没有放矿泉水，还有一天没有放浴巾，感觉这方面服务还有待加强。,5,2015-09-13,https://m.mafengwo.cn/nb/public/sharejump.php?type=25&uid=46014264
crazy_trz,稍远。设施很好，装修有特色，商场、展馆都连着，很方便。免费升级，不错。,5,2015-09-13,https://m.mafengwo.cn/nb/public/sharejump.php?type=25&uid=63394640
梦花飘雪,很有特色的酒店，配置档次也很到位，位置在国展中心附近，周边的交通及配套也还方便，整体档次很高，大堂最具特色，属高档次设计特色型酒店,5,2015-09-13,https://m.mafengwo.cn/nb/public/sharejump.php?type=25&uid=19995862
shanshanmak,性价比超高的酒店，很新、设施以及装修不错、时尚精品！尤其服务很好！前台以及行李生都漂亮帅气而且微笑礼貌耐心，比安达仕、朗廷、璞丽都好！赞！,5,2015-09-13,https://m.mafengwo.cn/nb/public/sharejump.php?type=25&uid=86251075
grace_zzfh,总体不错，里面古文化气息较浓，但是 稿人员素质一般,5,2015-09-13,https://m.mafengwo.cn/nb/public/sharejump.php?type=25&uid=50811445
feiyunlan,浴缸有块大理石板松动了，淋浴池的头顶花洒按钮是坏的，但是，床的品质一流！就像躺在云里！另外，早餐服务生收盘子速度太快了，半块面包还悬在空中，盘子就被收了！这个稍欠专业。,5,2015-09-13,https://m.mafengwo.cn/nb/public/sharejump.php?type=25&uid=41826241
chenike,不错的酒店，尤其是大堂有特点，浓郁的民族格调。酒店前台相当的热情。,5,2015-09-13,https://m.mafengwo.cn/nb/public/sharejump.php?type=25&uid=62109009
charles,开车去的，稍微有点远，朋友本来坚持想住静安香格里拉的，中途还担心朋友有意见，抵达后才发觉多走这么些路还是非常值得，还升级行政豪华房，性价比非常高！下次会带家人再次入住。,5,2015-09-13,https://m.mafengwo.cn/nb/public/sharejump.php?type=25&uid=37683793
gudxh,酒店很新，周边也很安静，周围有全家等便利店非常的方便。房间很有特色，而且卫生间很大，打开灯非常的明亮。以后还会再去的。,5,2015-09-13,https://m.mafengwo.cn/nb/public/sharejump.php?type=25&uid=47619578
muars,厕所挺大，卧室挺小，说实话位置也不是很好，居住环境还算舒适吧,5,2015-09-13,https://m.mafengwo.cn/nb/public/sharejump.php?type=25&uid=35394034
xyevh,房间设施设计很人性化，唯一美中不足，厕所内排风设施噪音有点大,5,2015-09-13,https://m.mafengwo.cn/nb/public/sharejump.php?type=25&uid=38055266
zsluyuzs,去年年初的r候住^卓美，硬件的So是很到位的，就是梯太慢的}一直很人抓狂。@次了套房，野果然_，就是L末窍掠杏H子活樱略@吵[。套房在_夜床的r候奉上Ｓ械酿B生茶，味道清淡很好喝。@次令人失望的是早餐，X得品N不蜇S富，口味也略感平淡。之前淼r候，底谴筇玫奈杼ㄉ线有西域舞蹈表演，F在基本就四唐b女孩不夭换鸬奏著江南z竹。,5,2015-09-13,https://m.mafengwo.cn/nb/public/sharejump.php?type=25&uid=78901734
etjingjun,酒店在上海国际会展中心北门马路对面走过去只需要3分钟，所以很适合去参加展会的人居住。但是价格很贵。我是公司定的房间。大床房，厕所和浴室非常大，有点浪费空间，卧室也很大，尤其是床，每天早上我的床都是一边睡过，另一边是完好的。再说说酒店的早餐和晚餐，早餐230每人，很贵，关键是没有什么可吃的，基本上是西餐，新鲜蔬菜不多，炒面很难吃，很不值得。不过马路对面有很多卖吃的小店，很不错。晚餐三个人就点了4份炒菜，都是蔬菜，外加3分汤面。就消费了400多。5个人在外面吃了一顿很不错的还有烤鸭，加起来才300多。所以在酒店吃饭十分不值得。卫生状况还不错。,5,2015-09-13,https://m.mafengwo.cn/nb/public/sharejump.php?type=25&uid=56297012
windy_风过,环境不错，离世纪公园很近，有2条地铁线很方便。唯一的缺陷是枕头有点味道。希望酒店在卫生这方面再加强一些。 洗护用品是欧舒丹的，不错。周末下午2点到4点大堂有古典音乐演奏，是喝茶聊天的好地方，很优雅。喜欢中国风的人应该会喜欢这的。,5,2015-09-13,https://m.mafengwo.cn/nb/public/sharejump.php?type=25&uid=61637872
