name,content,score,create_time,user_url
mengxiongjj,非常不错的酒店，附近购物中心好几个，交通方便。下次再来。,5,2018-07-30,https://m.mafengwo.cn/nb/public/sharejump.php?type=25&uid=75993530
sslxy,非常好的酒店，每次来都住这里,5,2018-07-28,https://m.mafengwo.cn/nb/public/sharejump.php?type=25&uid=82206303
wangyuef,一直对静安寺的璞丽很长草，今年生日来拔草了，果然没有让我失望，从大堂进去就是各种我喜欢的中国风设计，入口的莲花让我很惊艳，休息区域前台的桌上都是沉静的睡莲，充分展现了璞丽给我的感觉--低调的奢华，优雅而又幽雅的感觉，客房设施齐全，迷你吧全部免费，还有我喜欢的茶具，可以坐在床边泡个茶，安静的发呆，真的是闹市中的桃源居，会以后经常入住的^ ^,5,2018-07-25,https://m.mafengwo.cn/nb/public/sharejump.php?type=25&uid=77230243
斐儿,外围日式风格，泳池美极了，离地铁站很近，没事就走到静安寺去,5,2018-01-20,https://m.mafengwo.cn/nb/public/sharejump.php?type=25&uid=95139327
雨天里的阳光,酒店位于南京西路和延安中路中间，在市中心，酒店外观也十分漂亮，服务也很贴心，早餐非常丰富，酒店环境优美，舒适，整洁，卫生。十分推荐！！！,5,2017-12-02,https://m.mafengwo.cn/nb/public/sharejump.php?type=25&uid=83787428
马蜂窝用户,闹中取静，大堂设计不错，离芮欧百货，久光都很近,5,2017-12-01,https://m.mafengwo.cn/nb/public/sharejump.php?type=25&uid=77210978
Whitx_ue,特别棒的一家酒店，设施服务都很棒,5,2017-10-06,https://m.mafengwo.cn/nb/public/sharejump.php?type=25&uid=95100639
Z,装修风格低调古朴典雅，非常喜欢，设施也豪华。大厅的环境非常优雅。入口很小，倒能显出闹中取静。服务很好，上午十点不到就去办入住，还是给了房间，而且还升级了房间，惊喜。泳池很棒，桑拿也不错。位置很便利，芮欧，久光，嘉里，静安公园就在周围，吃东西十分方便。床也很舒适。,5,2017-03-20,https://m.mafengwo.cn/nb/public/sharejump.php?type=25&uid=92683981
angel,实至名归！有空都可以去体验一番,5,2017-02-04,https://m.mafengwo.cn/nb/public/sharejump.php?type=25&uid=17544164
celinayoyo,环境很好，周边也很热闹，女儿喜欢的不得了,5,2017-09-13,https://m.mafengwo.cn/nb/public/sharejump.php?type=25&uid=71995103
henna,"非常棒 很好的体验
位置佳 服务好",5,2017-09-13,https://m.mafengwo.cn/nb/public/sharejump.php?type=25&uid=40503110
panicoz,除了价格贵，其它都是棒棒的,5,2017-09-13,https://m.mafengwo.cn/nb/public/sharejump.php?type=25&uid=51306963
youyoudanny,环境不错 服务态度也很好。住过很多次了，因为满意才会再来，隔音效果好，房间卫生干净，周边交通很方便。,5,2017-09-13,https://m.mafengwo.cn/nb/public/sharejump.php?type=25&uid=84267109
astinalau,蛮好的，是常客了，各方面都满满意，去上海一般都住这里,5,2017-09-13,https://m.mafengwo.cn/nb/public/sharejump.php?type=25&uid=83412938
cancancily,五星酒店里服务做得最细的。下次还会前往。,5,2017-09-13,https://m.mafengwo.cn/nb/public/sharejump.php?type=25&uid=62529305
cheng,酒店设计非常用心，感觉很舒服,5,2017-09-13,https://m.mafengwo.cn/nb/public/sharejump.php?type=25&uid=54242375
eely_pp,感觉不错才来住的，位置佳,5,2017-09-13,https://m.mafengwo.cn/nb/public/sharejump.php?type=25&uid=59532981
老牛_okzhang,挺好的，服务也挺好的,5,2017-09-13,https://m.mafengwo.cn/nb/public/sharejump.php?type=25&uid=30662442
小皮球佳佳,就是没有沐浴用品，不太好,5,2017-09-13,https://m.mafengwo.cn/nb/public/sharejump.php?type=25&uid=19950503
sprity,璞酒店，感受碜|方的U意O，空g大，丫趾侠恚床品很舒服。服找裁⒅苓五星。已升至心中最舒m最佳x瘛,5,2017-09-13,https://m.mafengwo.cn/nb/public/sharejump.php?type=25&uid=57473821
liushuo,洗浴的毛巾可以更好点。其他完美。,5,2017-09-13,https://m.mafengwo.cn/nb/public/sharejump.php?type=25&uid=54201382
能吃三个派,中式风情，大堂很貌美,5,2017-09-13,https://m.mafengwo.cn/nb/public/sharejump.php?type=25&uid=35408675
芳华爱小丸子,位于黄金地段 周围交通特别方便 价钱合理公道 我们项目方亲自点名入职酒店 酒店整体很新 服务人员很专业,5,2017-09-13,https://m.mafengwo.cn/nb/public/sharejump.php?type=25&uid=354828
木桶桐,很不错 很舒服 很满意的,5,2017-09-13,https://m.mafengwo.cn/nb/public/sharejump.php?type=25&uid=19910726
小鸡快跑wh,一如既往的优秀酒店，没得说5星....................................,5,2017-09-13,https://m.mafengwo.cn/nb/public/sharejump.php?type=25&uid=69313113
小兔子的胡萝卜,最喜欢璞酒店，感受碜|方的U意O，空g大，丫趾侠恚床品很舒服。服找裁⒅苓五星。已升至心中最舒m最佳x瘛,5,2017-09-13,https://m.mafengwo.cn/nb/public/sharejump.php?type=25&uid=65986239
koala,酒店位置很好，设计很有格调。游泳池特别棒，spa也不错。就是前台服务人员不是特别灵活，到店等了好久没有房间，似乎想要升级又不太想给升级到有的套房。所以没有觉得特别友好。除了这个其他都不错。,5,2017-09-13,https://m.mafengwo.cn/nb/public/sharejump.php?type=25&uid=72398981
wangyi,营改增以后，这个房价真心贵啊。2000不到的房价 性价比真心不高呀,5,2017-09-13,https://m.mafengwo.cn/nb/public/sharejump.php?type=25&uid=77278301
栀子花格格,"地铁站出口3分钟路程！
大堂园林设计，房间设计人性化！
冰箱食品免费使用！
闹中取静的好去处！",5,2017-09-13,https://m.mafengwo.cn/nb/public/sharejump.php?type=25&uid=45548034
hensen,帮客人预订的。客人很满意！点赞一个！,5,2017-09-13,https://m.mafengwo.cn/nb/public/sharejump.php?type=25&uid=63865878
laeticiawang,酒店卫生不错，环境也可以！,5,2017-09-13,https://m.mafengwo.cn/nb/public/sharejump.php?type=25&uid=61729951
liushan,出行方便，城市中的桃源，床矮，硬件老化。,5,2017-09-13,https://m.mafengwo.cn/nb/public/sharejump.php?type=25&uid=81853978
糖果公主cici,"闹中取静，富有设计。真是酒香不怕巷子深啊~静安寺居然还幽藏着这么一处，赞的！
个人非常喜欢，值得推荐。",5,2017-09-13,https://m.mafengwo.cn/nb/public/sharejump.php?type=25&uid=31500610
圣snow,大堂比房间漂亮，西餐厅出品一般。,5,2017-09-13,https://m.mafengwo.cn/nb/public/sharejump.php?type=25&uid=51439425
vivi,房间有点旧了。早餐还是一如既往人多,5,2017-09-13,https://m.mafengwo.cn/nb/public/sharejump.php?type=25&uid=19971346
zhuyunfeng,环境非常不错，去烧香十分方便,5,2017-09-13,https://m.mafengwo.cn/nb/public/sharejump.php?type=25&uid=72237901
晨曦骄阳,交通方便，附近设施完善，值得推荐,5,2017-09-13,https://m.mafengwo.cn/nb/public/sharejump.php?type=25&uid=19996198
im崔恩美,酒店真的很好，从服务到内部设施，真的很好，孩子很喜欢,5,2017-09-13,https://m.mafengwo.cn/nb/public/sharejump.php?type=25&uid=62528323
xjtubaiyu,超级赞超级喜欢的一家酒店,5,2017-09-13,https://m.mafengwo.cn/nb/public/sharejump.php?type=25&uid=44695938
wixuo,第二次住了，一样舒服,5,2017-09-13,https://m.mafengwo.cn/nb/public/sharejump.php?type=25&uid=70122851
zhaoliang,环境很好，周边交通便利。,5,2017-09-13,https://m.mafengwo.cn/nb/public/sharejump.php?type=25&uid=71402882
simiyaya,各方面都没得挑的酒店！比江景房更吸引我！,5,2017-09-13,https://m.mafengwo.cn/nb/public/sharejump.php?type=25&uid=70887507
dingking,先谈谈酒店的位置吧。酒店位置虽然在市中心，但离人民广场打车还要花20元，离浦东就更远了。酒店旁就是静安寺站7号线9号口，如果不怕挤地铁，在上海旅游是可以住宿的。不过去搭乘人民广场、浦东、虹桥机场等地，都要去静安寺站2号线转乘，要步行走4-5分钟的路程，不算近滴。这次国庆长假我是驾车去璞丽酒店的，在这里住了3天，停车费全免，这是非常人性化的，值得赞赏！酒店停车场在B2、3，可以电梯直达，很方便。酒店大堂虽然不大，但简约豪华，低调而不凡，强赞！住在25层，可以看到对面的静安香格里拉酒店及延安高架上穿梭如织的车流，夜景很棒。住宿期间，一直带着孩子在外面游玩，回来很晚，有时深夜还麻烦管家服务，而管家始终面带微笑，在此对管家表示谢意，贵酒店无愧于五星级奢华酒店！,5,2017-09-13,https://m.mafengwo.cn/nb/public/sharejump.php?type=25&uid=51702015
美穗共和国,酒店位置非常好，闹中取静，吃饭、坐地铁交通非常方便，去上海其他地方也都不远。房间空间大，迷你吧全部免费，方便大气，第二天还给及时补充。下次还会选择入住。,5,2017-09-13,https://m.mafengwo.cn/nb/public/sharejump.php?type=25&uid=34761913
awingalice,步行范围内有静安公园，嘉里中心，芮欧百货，久光百货，散步、购物环境佳。酒店房间设施很好。二楼菲霓丝餐厅是就餐的好地方。,5,2017-09-13,https://m.mafengwo.cn/nb/public/sharejump.php?type=25&uid=47908306
宁静雨asd,实在是太棒了！！从来没有住过如此棒的酒店！！环境好，服务好，交通方便，简直爱死了！停车还免费，最关键的是房间冰箱里的东西全免费，满满一冰箱哦！！！下次来上海首选puli,5,2017-09-13,https://m.mafengwo.cn/nb/public/sharejump.php?type=25&uid=34632837
哥白天不是个...,上海的一个精品酒店，这次主要是去考察酒店项目，璞丽为考察项目之一。酒店定位为精品酒店，很精致，非常值得一去。,5,2017-09-13,https://m.mafengwo.cn/nb/public/sharejump.php?type=25&uid=19954444
游游111,大厅有情调房间有格调,5,2017-09-13,https://m.mafengwo.cn/nb/public/sharejump.php?type=25&uid=19990038
carriesad,酒店确实漂亮，闹中取静，5分制的话硬件4.5分。服务就一般了，5分制的话打4分吧，也许是一楼人较多的关系，感觉只能照顾到一部分人。,5,2017-09-13,https://m.mafengwo.cn/nb/public/sharejump.php?type=25&uid=72513094
lovesherryhz,闹中取静，设施一流，服务贴心，mini吧免费享用，下次来上海就这了。,5,2017-09-13,https://m.mafengwo.cn/nb/public/sharejump.php?type=25&uid=71698311
haillang,住了无数次了，确实很好，继续保持,5,2017-09-13,https://m.mafengwo.cn/nb/public/sharejump.php?type=25&uid=75145316
fantao,帮忙朋友订的酒店，非常不错,5,2017-09-13,https://m.mafengwo.cn/nb/public/sharejump.php?type=25&uid=51308825
allan,特别喜欢 ！周边购物 餐饮非常多选择，出行交通方便 酒店风格低调奢华 服务非常贴心。下次到沪应该还是住店首选！,5,2017-09-13,https://m.mafengwo.cn/nb/public/sharejump.php?type=25&uid=83235751
faye菲faye,璞丽一向都没得说，各种都好，主要周边有嘉里和芮欧，吃的玩的都应有尽有。好,5,2017-09-13,https://m.mafengwo.cn/nb/public/sharejump.php?type=25&uid=75510152
flora,环境不错，性价比可以。环境不错，性价比可以。环境不错，性价比可以。环境不错，性价比可以。环境不错，性价比可以。,5,2017-09-13,https://m.mafengwo.cn/nb/public/sharejump.php?type=25&uid=54598051
crystal_libehappy,还不错，风景好。还不错，风景好。还不错，风景好。还不错，风景好。还不错，风景好。还不错，风景好。还不错，风景好。还不错，风景好。,5,2017-09-13,https://m.mafengwo.cn/nb/public/sharejump.php?type=25&uid=31557436
hewenting,"公务出差，第三次入住。
对酒店相当满意，是装修豪华的精品酒店，在服务上很到位，服务员都很友善。
没有享用过早餐，无法对早餐进行评价，同事去吃过，反馈还不错。
酒店交通便利，无论是出差还是旅行，都是非常好的选择。",5,2017-09-13,https://m.mafengwo.cn/nb/public/sharejump.php?type=25&uid=49498700
sprity,下次有机会还会入住。,5,2017-09-13,https://m.mafengwo.cn/nb/public/sharejump.php?type=25&uid=57473821
昆明好娃娃龙静静,特色的设计风格酒店 服务好 入住舒适 老客人了,5,2017-09-13,https://m.mafengwo.cn/nb/public/sharejump.php?type=25&uid=61398126
马蜂窝用户,十分温馨的感觉！像家一样自在生活,5,2017-09-13,https://m.mafengwo.cn/nb/public/sharejump.php?type=25&uid=19957554
william.liu,"上海最棒的酒店
服务也5星",5,2017-09-13,https://m.mafengwo.cn/nb/public/sharejump.php?type=25&uid=81585807
醉里秋波,环境很好，房间设施很体贴! 不愧是星级宾馆，当天入住比预定时间稍晚，服务人员还是很耐心，还安排了高楼层，满意。,5,2017-09-13,https://m.mafengwo.cn/nb/public/sharejump.php?type=25&uid=19998553
andychan,环境不错，周边吃饭逛街便利,5,2017-09-13,https://m.mafengwo.cn/nb/public/sharejump.php?type=25&uid=73943335
lovelainebaby,喜欢puli的设计感 大堂里的香味也很舒服 在市中心 出门就有瑞欧 和嘉里中心 吃的买的电影都有 下次还住这,5,2017-09-13,https://m.mafengwo.cn/nb/public/sharejump.php?type=25&uid=39218019
戴面具的king,比较喜欢的酒店 很方便,5,2017-09-13,https://m.mafengwo.cn/nb/public/sharejump.php?type=25&uid=75554260
jackeylevis,酒店装修很棒，旧旧的耐人寻味……静雅宁谧…很舒心！服务也是一级棒，硬件设施都很齐全！房间里的饮料啊小零食都是免费的，真心不错！还会再来,5,2017-09-13,https://m.mafengwo.cn/nb/public/sharejump.php?type=25&uid=53012195
sallymi,环境，服务，配套设施都非常非常棒！强烈推荐入住体验！,5,2017-09-13,https://m.mafengwo.cn/nb/public/sharejump.php?type=25&uid=65536505
果冻小布丁美女,商务出差的精品选择，环境和卫生都很好，下次再订,5,2017-09-13,https://m.mafengwo.cn/nb/public/sharejump.php?type=25&uid=89380445
shanshanmak,房间卫生环境和服务都很到位,5,2017-09-13,https://m.mafengwo.cn/nb/public/sharejump.php?type=25&uid=86251075
sugus,酒店的装修不错，地理位置好，用餐方便,5,2017-09-13,https://m.mafengwo.cn/nb/public/sharejump.php?type=25&uid=54633769
虾骑士,非常不错，但是到了后酒店告知要升房。加了预算。,5,2017-09-13,https://m.mafengwo.cn/nb/public/sharejump.php?type=25&uid=19970204
风之别鹤,住行政房，但无论是吃的还是早餐都很一般，还没有便宜一些的酒店的行政房提供的饮食多,5,2017-09-13,https://m.mafengwo.cn/nb/public/sharejump.php?type=25&uid=19993242
themaychan,豪华酒店住了不少，璞丽没话说！超赞,5,2017-09-13,https://m.mafengwo.cn/nb/public/sharejump.php?type=25&uid=66361593
shangjing,位置很好，周围很方便，适合出差旅游。内部硬件设施没想象的那么好，房价也不贵，对得起这环境位置！！！！,5,2017-09-13,https://m.mafengwo.cn/nb/public/sharejump.php?type=25&uid=49552377
mxhan_,地段超级好，边上就是芮欧，嘉里，久光等等，住在21层的行政楼层，房间整体不错，就是稍微小了点儿，迷你吧免费用，备品也很大方哦！,5,2017-09-13,https://m.mafengwo.cn/nb/public/sharejump.php?type=25&uid=87401311
lishu,非常棒，很有特色，服务也好,5,2017-09-13,https://m.mafengwo.cn/nb/public/sharejump.php?type=25&uid=74482214
婷婷ttzhang,环境没的说，低调奢华有内涵。位置很好找，而且交通也很方便，第一次去的时候坐地铁过去，也很容易找到，推荐。,5,2017-09-13,https://m.mafengwo.cn/nb/public/sharejump.php?type=25&uid=76537429
开心实惠一万年,服务好，就是有一点点看了，硬件,5,2017-09-13,https://m.mafengwo.cn/nb/public/sharejump.php?type=25&uid=48087946
lxchocolate,环境超级棒，有文艺小资情调，头一天定了香格里拉酒店，感觉好差，果断搬家到对面的puli，小冰箱的东西随便吃，好方便，大堂外的风景也不错,5,2017-09-13,https://m.mafengwo.cn/nb/public/sharejump.php?type=25&uid=71053664
c想你的容颜,这次入住价格是最贵的！不知道是啥情况,5,2017-09-13,https://m.mafengwo.cn/nb/public/sharejump.php?type=25&uid=19957871
fengji1000,"每次去上海都住这家
非常有艺术感",5,2017-09-13,https://m.mafengwo.cn/nb/public/sharejump.php?type=25&uid=19994817
jiashengyin,酒店不错，服务、卫生、设施都很好，就是不能开专用发票，非常不方便,5,2017-09-13,https://m.mafengwo.cn/nb/public/sharejump.php?type=25&uid=67807767
yumilili,很不错的酒店，入住几次了，服务、环境、位置都很好,5,2017-09-13,https://m.mafengwo.cn/nb/public/sharejump.php?type=25&uid=52489399
sugar_tsl,地理位置不错，酒店环境也很好，下次还会再去,5,2017-09-13,https://m.mafengwo.cn/nb/public/sharejump.php?type=25&uid=56963334
willchen,"前一天住香格里拉，实在觉得配套实在对不起它的名字，住了一晚受不了，果断换PULI

入住后儿子大加赞赏，强烈要求多住一晚，服务配套甚至是大堂吧台的酒，都让我流连忘返，下次再来",5,2017-09-13,https://m.mafengwo.cn/nb/public/sharejump.php?type=25&uid=32065239
bjbook,每次朋友来 都是预定这家 在上海 是我心中的最佳酒店 没有之一！细节之处做的实在太好 完美,5,2017-09-13,https://m.mafengwo.cn/nb/public/sharejump.php?type=25&uid=82726051
miller,视野很棒，从酒店看到的景。酒店环境比较安静，不嘈杂。地理位置很赞。,5,2017-09-13,https://m.mafengwo.cn/nb/public/sharejump.php?type=25&uid=67255177
shuoshuo,相当满意的酒店，位置在静安寺地铁上面，飞机高铁都可以地铁直达，做到了大隐隐于市，就在繁华商业区却不容易发现，可以让住了在繁华和清静之间随心切换。大堂设计很有特点，前台既是吧台，外面还有个露天花园。服务不错，主动且亲切。度假和商务都是很好的选择。,5,2017-09-13,https://m.mafengwo.cn/nb/public/sharejump.php?type=25&uid=45750945
豆浆store,地理位置优越，房间干净整洁。好评推荐！,5,2017-09-13,https://m.mafengwo.cn/nb/public/sharejump.php?type=25&uid=67475568
jnnzz,十分满意，客房服务贴心，晚间送来的水果让人感觉很舒畅，性价比极高,5,2017-09-13,https://m.mafengwo.cn/nb/public/sharejump.php?type=25&uid=19998210
joninea,是我喜欢的风格和感觉，一切都是那么舒适！因为是带宝宝第一次出门，尝试过夜，留下了非常好的印象，跟朋友交流时说到，在上海这样的地段这样的价位完全可以接受！服务非常到位，酒店里外国人比较多，安静舒适！地理位置属于闹中取静，以后还会来住！,5,2017-09-13,https://m.mafengwo.cn/nb/public/sharejump.php?type=25&uid=48203894
恶魔教主,带小朋友休假，定的大床房，入住时提出想看公园，听到我们是第一次住璞丽，没有加费用，就升级到了看公园的一侧。房间区域分割合理，还可以坐在窗前喝茶看景。中式的装修风格，有家的味道。总体来说，软硬件都不错，以后还会选择住。,5,2017-09-13,https://m.mafengwo.cn/nb/public/sharejump.php?type=25&uid=19991839
jessie,朋友介绍的一个酒店，第一眼就喜欢上了，九张图感觉都不展示她的美好，充满了设计意念和中国风，旺中取静真的是相当舒服。进门处一个竹子围成的回旋处，前台望出去是一片林子，充满了诗意。房间的设计也很特别，双拉门可以把空间感极大扩展，闭上了就是一个极大的浴室，和房间或者厅的空间区分开了，沙发躺着可以看着清晨的静安寺，特别宁静，不过下午看不得，因为窗向着西面。床也很舒服，睡着特别好。这次还为了体验更舒适的享受酒店免费升级了房间，下次来一定还住璞丽。,5,2017-09-13,https://m.mafengwo.cn/nb/public/sharejump.php?type=25&uid=75363866
qbape,夏天住被子有点厚，其他都不错，禅意浓浓,5,2017-09-13,https://m.mafengwo.cn/nb/public/sharejump.php?type=25&uid=34153637
morebeauty,上海最爱的一家酒店 没有之一 细节完美体现 私密性高,5,2017-09-13,https://m.mafengwo.cn/nb/public/sharejump.php?type=25&uid=47073239
alanshealer,朋友说一般般，不是很好,5,2017-09-13,https://m.mafengwo.cn/nb/public/sharejump.php?type=25&uid=71631536
fiona_km,酒店前台不怎么太好，都一天迷糊的,5,2017-09-13,https://m.mafengwo.cn/nb/public/sharejump.php?type=25&uid=40831227
ayahappy,酒店大床房，床很小，服务态度一般，价格偏高！,5,2017-09-13,https://m.mafengwo.cn/nb/public/sharejump.php?type=25&uid=69222290
爱情三十七计,心仪已久了，非常满意非常喜欢！,5,2017-09-13,https://m.mafengwo.cn/nb/public/sharejump.php?type=25&uid=49295126
jinjinjinian,环境挺好，但是早餐很一般，选择好少,5,2017-09-13,https://m.mafengwo.cn/nb/public/sharejump.php?type=25&uid=35906337
Ｓa y Ｂｙｅ,几次入住了 这次还给我升级了超大的套房 喜欢精品酒店的可以选择这家,5,2017-09-13,https://m.mafengwo.cn/nb/public/sharejump.php?type=25&uid=19992602
yuyang,酒店位置很好，左右两边有二号线、七号线出行特别方便，周围吃吃喝喝逛逛买买那是真方便。酒店雅致小巧，很安静。因游泳池的服务生态度不太好，作了投诉，前台经理和总经理办公室都打电话致歉，以后还会去住。,5,2017-09-13,https://m.mafengwo.cn/nb/public/sharejump.php?type=25&uid=87650324
twang,很小资的酒店 在上海还算喜欢住的酒店之一,5,2017-09-13,https://m.mafengwo.cn/nb/public/sharejump.php?type=25&uid=42053955
小鱼,酒店位置设施很好，服务态度很好,5,2017-09-13,https://m.mafengwo.cn/nb/public/sharejump.php?type=25&uid=19997692
bestpanda,床很舒服，室内环境很亲切,5,2017-09-13,https://m.mafengwo.cn/nb/public/sharejump.php?type=25&uid=39688524
sunsan_peng,设计很美，地理位置也很好！服务好！,5,2017-09-13,https://m.mafengwo.cn/nb/public/sharejump.php?type=25&uid=55456628
amanda0658,很不错，大堂的长廊吧有特色。恒温泳池外有桑拿房，细节处考虑的很周到，服务很贴心。,5,2016-07-10,https://m.mafengwo.cn/nb/public/sharejump.php?type=25&uid=93691709
garibaldi,环境服务好，但二楼西餐厅的牛排超难吃。像炸猪排的感觉，超级油多，难以下咽。价格贵，口味差。,5,2017-09-13,https://m.mafengwo.cn/nb/public/sharejump.php?type=25&uid=53500972
ireneman,房间环境很不错～酒店设施也还蛮新的good,5,2017-09-13,https://m.mafengwo.cn/nb/public/sharejump.php?type=25&uid=71453800
一半儿_一半儿,房间环境非常好，设施都还蛮新的,5,2017-09-13,https://m.mafengwo.cn/nb/public/sharejump.php?type=25&uid=60003512
丢了翅膀的鱼,这个价格，进入酒店后并没有让我惊艳的地方,5,2017-09-13,https://m.mafengwo.cn/nb/public/sharejump.php?type=25&uid=19995330
Alyssa,非常好的住宿体验 不愧是酒店中的精品,5,2017-09-13,https://m.mafengwo.cn/nb/public/sharejump.php?type=25&uid=32393127
pengpenguin,超级好.低调奢华品味.,5,2017-09-13,https://m.mafengwo.cn/nb/public/sharejump.php?type=25&uid=38340253
lo夏ve至,出差一周 诸事不顺 最后来的璞丽 心里得到稍许安慰 房间直接被升级到套房 很不错 现在搬到半岛心理落差很大,5,2017-09-13,https://m.mafengwo.cn/nb/public/sharejump.php?type=25&uid=85419652
最爱今市子,非常喜欢 来上海就住这里,5,2017-09-13,https://m.mafengwo.cn/nb/public/sharejump.php?type=25&uid=63543057
supremekimmy,设计与环境很有味道 服务也与星级相吻合！,5,2017-09-13,https://m.mafengwo.cn/nb/public/sharejump.php?type=25&uid=41501681
mylthc,环境很好 离步行街也很近 很方便,5,2017-09-13,https://m.mafengwo.cn/nb/public/sharejump.php?type=25&uid=81661695
chengxiaying_,啥都好，就是增值税发票太慢了。,5,2017-09-13,https://m.mafengwo.cn/nb/public/sharejump.php?type=25&uid=86034533
wypst,位置不错 装修很有特色,5,2017-09-13,https://m.mafengwo.cn/nb/public/sharejump.php?type=25&uid=32356870
renee,还好了，上海住了一圈，这里算是不错的。,5,2017-09-13,https://m.mafengwo.cn/nb/public/sharejump.php?type=25&uid=56243512
hncsyxd,出行很方便，环境也很赞,5,2017-09-13,https://m.mafengwo.cn/nb/public/sharejump.php?type=25&uid=37729214
zhuling,房间里装修全黑，很不适应，深色的东西放哪儿就找不见了。洗脸盆放东西的地方太小了。酒店位置不错.,5,2017-09-13,https://m.mafengwo.cn/nb/public/sharejump.php?type=25&uid=77445848
yiqumeiyang,地理位置很好，酒店很高大上，不错,5,2017-09-13,https://m.mafengwo.cn/nb/public/sharejump.php?type=25&uid=72317028
xiaomihaa,很好很好，已经住过很多次了，每次都满意,5,2017-09-13,https://m.mafengwo.cn/nb/public/sharejump.php?type=25&uid=19959732
站在岸上的鱼,非常喜爱的一家酒店 第二次入住了 无论是环境还是服务,5,2017-09-13,https://m.mafengwo.cn/nb/public/sharejump.php?type=25&uid=19979452
看海的小包纸,隐于市，水云间，风格很赞，服务还是有些欠缺！,5,2017-09-13,https://m.mafengwo.cn/nb/public/sharejump.php?type=25&uid=34100233
meiman202,非常不错的酒店，就是预定限制的条款太多了，有机会还会去,5,2017-09-13,https://m.mafengwo.cn/nb/public/sharejump.php?type=25&uid=19925764
elvanlau,酒店很东南亚的感觉，闹中取静很适合旅游度假来的。特别是周围购物中心林立非常方便。可是如果带了小朋友的话一定要自备牙刷牙膏，酒店没有儿童用牙刷牙膏。儿童沐浴用品是强生。,5,2017-09-13,https://m.mafengwo.cn/nb/public/sharejump.php?type=25&uid=45176684
linyinxia,每次都住这里 已经习惯了,5,2017-09-13,https://m.mafengwo.cn/nb/public/sharejump.php?type=25&uid=86018305
喵喵_wow,好好好吧好吧好吧好吧好吧,5,2017-09-13,https://m.mafengwo.cn/nb/public/sharejump.php?type=25&uid=66588843
cherry_mao,环境好，房间提供免费饮料，有城市度假感觉,5,2017-09-13,https://m.mafengwo.cn/nb/public/sharejump.php?type=25&uid=85573457
huankaka,酒店位置不太好找 在大厦的后面 但是大堂接待 和房间整个感觉给人非常舒服,5,2017-09-13,https://m.mafengwo.cn/nb/public/sharejump.php?type=25&uid=61790878
fifty,服务很差，美容中心宰客，服务台处理问题能力差,5,2017-09-13,https://m.mafengwo.cn/nb/public/sharejump.php?type=25&uid=73420487
heihei,如果选择住浦西就选璞丽，第一是交通便利，第二是环境比较幽静,5,2017-09-13,https://m.mafengwo.cn/nb/public/sharejump.php?type=25&uid=58488385
liweiyan,每次在上海都订璞丽酒店，五星级酒店，超级棒。,5,2017-09-13,https://m.mafengwo.cn/nb/public/sharejump.php?type=25&uid=71558993
天天向上ice,非常棒的酒店，大堂非常有特色，房间设计也很好，出行很方便，连着久光百货和芮欧百货，吃饭购物都非常方便。不过价格也不算便宜,5,2017-09-13,https://m.mafengwo.cn/nb/public/sharejump.php?type=25&uid=49364502
heiheihahawu,很有禅意的酒店，设计很独特，充分利用各种空间，光线，颜色，组合，暗色系为主的色调，设计感比较强。缺点在于房间材料的细节和精致度欠缺，还可以再提升一些。,5,2017-09-13,https://m.mafengwo.cn/nb/public/sharejump.php?type=25&uid=64391629
GZSS,地理位置好，逛街很方便，大堂、房间都布置得很有味道，泳池人不多,5,2017-09-13,https://m.mafengwo.cn/nb/public/sharejump.php?type=25&uid=19997068
威尼斯大Q,去上海一定都会住的酒店，因为酒店爱上某一个城市是璞丽可以做到的,5,2017-09-13,https://m.mafengwo.cn/nb/public/sharejump.php?type=25&uid=53372050
hansen,很精致的一家酒店，服务很好，地段也好，装修环境也是自己比较喜欢的风格,5,2017-09-13,https://m.mafengwo.cn/nb/public/sharejump.php?type=25&uid=87318958
tianyuxiaoming,有特点的酒店。位置好，舒适，房间较大,5,2017-09-13,https://m.mafengwo.cn/nb/public/sharejump.php?type=25&uid=83421037
tatukobe,越来越贵，服务都很好,5,2017-09-13,https://m.mafengwo.cn/nb/public/sharejump.php?type=25&uid=69752947
eon_pretty,房间装修细节一般，达不到宣传的五星且urban resort的标准，前台服务也欠缺礼貌，不会再考虑入住了。,5,2017-09-13,https://m.mafengwo.cn/nb/public/sharejump.php?type=25&uid=65768528
w_jinyang,别的不敢说，前台的服务就值得了，见过的最好的前台,5,2017-09-13,https://m.mafengwo.cn/nb/public/sharejump.php?type=25&uid=41447206
shengjia,很喜欢的酒店，服务和设施都很棒,5,2017-09-13,https://m.mafengwo.cn/nb/public/sharejump.php?type=25&uid=81018628
louancn,不错，相当不错，很方便。,5,2017-09-13,https://m.mafengwo.cn/nb/public/sharejump.php?type=25&uid=86187636
lumen,位置优越，酒店设计很现代，房间大而且非常舒适！,5,2017-09-13,https://m.mafengwo.cn/nb/public/sharejump.php?type=25&uid=64680133
cqumasters,非常不错，酒店环境优美，地点也不错,5,2017-09-13,https://m.mafengwo.cn/nb/public/sharejump.php?type=25&uid=52615126
sdkensonsu,以前住过，挺有特点，房间不是很大。订了三天的预付，提前走了一天，不能退款，可惜了,5,2017-09-13,https://m.mafengwo.cn/nb/public/sharejump.php?type=25&uid=64020203
朔,非常喜欢的风格，mini 吧免费,5,2017-09-13,https://m.mafengwo.cn/nb/public/sharejump.php?type=25&uid=17515989
jason_yeo,又一次入住璞丽，仍然非常棒，甚至入住体验比上一次更好。对于我们这种度假出游，入住酒店最重要的是在房间里能好好休息和保证夜间睡眠质量，这两点璞丽都做得相当好。客房MINI吧里所有饮品都可以喝，每天还有四瓶百岁山的纯水，几个苹果或是橙子。客房里灯光设计体贴入微，保证房间内照明既充足又让人放松。房间提供的浴袍柔软舒适，比上次穿的时候感觉好很多，不知道为什么。窗帘有两层，可以让室外光线一点也不漏进来，床和枕头都能让人快速入眠，在璞丽入住的这几个夜晚，睡眠都是相当的好。其次，酒店服务从前台到客房保洁都很专业，特别是每天客房都打扫得很干净，对于客人的物品，打扫完了还能放回原位，真的让人赞叹服务的细心以及对客人的尊重。当然，璞丽成为区别于其他五星酒店的独特存在，是因为它的设计感无处不在，入住时，会感觉能享受也能融入，实在是很特别的体验。美中不足的小瑕疵大概就是酒店自己提供的餐饮不能满足我们的要求，每餐都是到附近解决，推荐两家好吃的馆子，都在嘉里中心里，3楼的逸谷会和4楼的翠园，强烈不推荐孔雀，实在难吃！总体来说，入住璞丽十分愉快，下次还会再去！,5,2017-09-13,https://m.mafengwo.cn/nb/public/sharejump.php?type=25&uid=32056036
gzceci,酒店很好。在芮欧百货。离静安寺很近。,5,2017-09-13,https://m.mafengwo.cn/nb/public/sharejump.php?type=25&uid=82712984
kaladoudou,挺不错的，下次来还住,5,2017-09-13,https://m.mafengwo.cn/nb/public/sharejump.php?type=25&uid=58403043
罗贝塔,入住时候提出要高楼层前台尽量给满足了 下午和朋友约了喝下午茶 两岁的小朋友摔了一跤哭起来 酒店的工作人员都过来表示关心 对面坐了一桌五十岁左右的妇女对着工作人员大吼大叫表示小孩哭闹影响她谈正事儿并扬言要一个电话让工作人员都下岗也是醉了 小孩哭了大概就两三分钟 我们马上抱着哄好了之后小宝一直很安静 还好工作人员都过来对我们表示歉意因为抱着宝宝还一直帮我们添水 大概这位女士很有来头所以大头症犯了吧  唯一美中不足就是睡觉时候发现床单上有几个洞 是不是可以把这床单处理掉了实在有些不雅,5,2017-09-13,https://m.mafengwo.cn/nb/public/sharejump.php?type=25&uid=19995753
小饭团,服务非常周到，地理位置优越，出门便可领略上海的繁华，下次还会选择这里！,5,2017-09-13,https://m.mafengwo.cn/nb/public/sharejump.php?type=25&uid=36073900
daysp,很有U意的O理念，很喜g，下次x瘢,5,2017-09-13,https://m.mafengwo.cn/nb/public/sharejump.php?type=25&uid=50611764
aspirin,环境很棒，一出门就是静安寺，交通方便，,5,2017-09-13,https://m.mafengwo.cn/nb/public/sharejump.php?type=25&uid=82537499
liushengzuo,酒店位于静安寺旁，附近有久光真是太方便了，更是地铁出行的汇集点,5,2017-09-13,https://m.mafengwo.cn/nb/public/sharejump.php?type=25&uid=53205686
doggiezhang,感觉很好，环境雅致，私密性高。,5,2017-09-13,https://m.mafengwo.cn/nb/public/sharejump.php?type=25&uid=44762879
lijiababala,环境尚可，交通方便，适合出差。,5,2017-09-13,https://m.mafengwo.cn/nb/public/sharejump.php?type=25&uid=81980194
lzseabird,配套设施了 其他一切如初的好.,5,2017-09-13,https://m.mafengwo.cn/nb/public/sharejump.php?type=25&uid=76754679
huang,比较低调稳重的风格，楼下各种商城很方便,5,2017-09-13,https://m.mafengwo.cn/nb/public/sharejump.php?type=25&uid=19973518
齐天大圣ln,一如既往的好！每次来上海都会选择这家酒店入住，环境闹中取静，周边交通方便，消费场所聚集，下次还是会继续支持你们！,5,2017-09-13,https://m.mafengwo.cn/nb/public/sharejump.php?type=25&uid=34542592
daysp,不错，值得推荐！环境确实不错,5,2017-09-13,https://m.mafengwo.cn/nb/public/sharejump.php?type=25&uid=50611764
keathy,非常有特点的日系酒店 很不错  可以体验,5,2017-09-13,https://m.mafengwo.cn/nb/public/sharejump.php?type=25&uid=70954359
帖图爱好者,朋友喝多了，半夜到的，前台接待服务挺好的。,5,2017-09-13,https://m.mafengwo.cn/nb/public/sharejump.php?type=25&uid=19958197
gigiandekin,大隐隐于市，环境很好诶~订错了一天，浪费了，小哥还升级了下房型。,5,2017-09-13,https://m.mafengwo.cn/nb/public/sharejump.php?type=25&uid=51015827
linglingzero,还可以就是在处理投诉方面进行的迟缓，欠缺一点真正的朋友感。,5,2017-09-13,https://m.mafengwo.cn/nb/public/sharejump.php?type=25&uid=44174448
scofield_saint,上海最中心的酒店，房间一般大，装修比较中式。中体感觉很好,5,2017-09-13,https://m.mafengwo.cn/nb/public/sharejump.php?type=25&uid=81280444
huangh,闹中取静的一个有文化底蕴的酒店,5,2017-09-13,https://m.mafengwo.cn/nb/public/sharejump.php?type=25&uid=50141252
tanyi,环境不错，很有韵味的一酒店，老外喜欢的调调，因为大堂、餐厅、泳池满眼的外国人！哈哈！房间硬件设施感觉一般，和酒店整体意境有那么一点点不配！服务态度极佳！,5,2017-09-13,https://m.mafengwo.cn/nb/public/sharejump.php?type=25&uid=76220960
dayingerbu,房间很有感觉，也人性化，给我很多惊喜，值得,5,2017-09-13,https://m.mafengwo.cn/nb/public/sharejump.php?type=25&uid=80249759
totti,一如既往的喜欢，就是这次二楼餐厅正在装修，早餐似乎有一点小小的遗憾。,5,2017-09-13,https://m.mafengwo.cn/nb/public/sharejump.php?type=25&uid=19987704
周树林,静安寺对面，地理位置绝佳，周围全是商场，吃东西非常方便，非常适合购物啦，酒店更是处处低调却又会让你发现奢华所在。,5,2016-02-28,https://m.mafengwo.cn/nb/public/sharejump.php?type=25&uid=91452289
双gi汉堡,早餐厅还在装修，第一天早上等了30分钟才排到，第二天点了送餐，竟然没有热食，230元的早餐，只吃到面包水果和白煮蛋。2000多一晚的价格和酒店的硬件服务不相符。,5,2017-09-13,https://m.mafengwo.cn/nb/public/sharejump.php?type=25&uid=60338776
ganly_,换了卫浴用品，体验变差了，希望改善细节。,5,2017-09-13,https://m.mafengwo.cn/nb/public/sharejump.php?type=25&uid=86824216
诸葛小猫咪,酒店地理位置很好，设施齐全，交通方便。服务也不错。老板是这家的常客了。还推荐给了其他同事。下次还会入住这家酒店。,5,2017-09-13,https://m.mafengwo.cn/nb/public/sharejump.php?type=25&uid=58579221
dorothygz,特别好的地方，到处是百岁山的水，浴盐很赞，泳池是晒的进太阳的，尺度装修特赞,5,2017-09-13,https://m.mafengwo.cn/nb/public/sharejump.php?type=25&uid=64761068
北方网狼,第二次入住璞丽了，服务还是一样的赞。预定时提前说了有四岁的宝宝，没想到酒店连宝宝床都准备了，真是个大惊喜。去上海推荐住这家宾馆。最后一张图宝宝用品是宾馆免费赠送的。,5,2017-09-13,https://m.mafengwo.cn/nb/public/sharejump.php?type=25&uid=19942769
chunmei,非服务常贴心的酒店，知道我带了宝宝，马上准备了婴儿床和婴儿洗浴用品，很满意，酒店风格也很舒服,5,2017-09-13,https://m.mafengwo.cn/nb/public/sharejump.php?type=25&uid=76923598
缕缕心香在,酒店很牛逼的，就是价格有点贵,5,2017-09-13,https://m.mafengwo.cn/nb/public/sharejump.php?type=25&uid=76270835
cuijin,太棒了，服务、环境、位置都不错！,5,2017-09-13,https://m.mafengwo.cn/nb/public/sharejump.php?type=25&uid=77937026
五十个字,环境很有特色，很有意思，服务态度很好，很尊重顾客，餐厅上了年纪的服务员很有内涵，点赞,5,2017-09-13,https://m.mafengwo.cn/nb/public/sharejump.php?type=25&uid=19987730
xiebowen,光影，禅意，绽放静美，材质运用和设计完美配搭，,5,2017-09-13,https://m.mafengwo.cn/nb/public/sharejump.php?type=25&uid=56264675
layerfeng,服务和整体设计好！小细节可以再多关注一些！推荐！,5,2017-09-13,https://m.mafengwo.cn/nb/public/sharejump.php?type=25&uid=58004783
wsapple,交通方便 酒店设施还可以,5,2017-09-13,https://m.mafengwo.cn/nb/public/sharejump.php?type=25&uid=65348985
kingsamsun,住过那么多的酒店，第一次cu，非常棒的一次入住，非常棒的O，尤其是艄猓哪屈N冷的L雨之夜匆匆回到璞，那一刻，我X得我到了全上最嘏的地方，很N心，槭颤N只在上海才有呢？o念@天才的O,5,2017-09-13,https://m.mafengwo.cn/nb/public/sharejump.php?type=25&uid=40935501
arielchen,酒店很不错，设计大方得体，餐吧免费,5,2017-09-13,https://m.mafengwo.cn/nb/public/sharejump.php?type=25&uid=84225018
江湖一狼,璞丽酒店开了很长时间了，应该说是宽景酒店的鼻祖，酒店中式文化的氛围很不错，可惜这段时间，中餐厅在装修，不然可以体验到就更好了，周边交通方便，值得一住。,5,2017-09-13,https://m.mafengwo.cn/nb/public/sharejump.php?type=25&uid=19994731
sushe,赞赞赞赞哦！！！！！,5,2017-09-13,https://m.mafengwo.cn/nb/public/sharejump.php?type=25&uid=65039265
wxnlwblyj,"上海最棒的酒店！
虽然没有华尔道夫，Riz，半岛豪华
但puli独有的resort风格能让你感觉好像来到东南亚度假了，独树一帜。

洗漱用品都和Riz一个级别，房间内的咖啡bar，茶，小点心，冰箱全免费，而且高品质。
太喜欢了！",5,2017-09-13,https://m.mafengwo.cn/nb/public/sharejump.php?type=25&uid=51289503
sofia,特别棒的酒店 特别喜欢,5,2017-09-13,https://m.mafengwo.cn/nb/public/sharejump.php?type=25&uid=211591
人面桃花花,位置绝佳，环境一流，就是服务细节有待提高。,5,2017-09-13,https://m.mafengwo.cn/nb/public/sharejump.php?type=25&uid=41817050
有白菜的卖,免费升级行政套房，环境、服务还是那么好。值得一住。,5,2017-09-13,https://m.mafengwo.cn/nb/public/sharejump.php?type=25&uid=43331792
ruruzee,"一次绝佳的酒店体验！
江南风，禅意浓，闹中取静，服务温馨！尤其是弥漫在酒店里的独特的香气，应该是璞丽独一无二的LOGO吧！喜欢！
隆重推荐！",5,2017-09-13,https://m.mafengwo.cn/nb/public/sharejump.php?type=25&uid=32890519
dengdaisj,设计感很强！出行很方便！服务一般！,5,2017-09-13,https://m.mafengwo.cn/nb/public/sharejump.php?type=25&uid=19949929
hvcck,很不错的酒店，西餐厅更是让人回味。,5,2017-09-13,https://m.mafengwo.cn/nb/public/sharejump.php?type=25&uid=51231141
icyivyfire,很好，入住酒店的同时还能参观学习酒店的设计。,5,2017-09-13,https://m.mafengwo.cn/nb/public/sharejump.php?type=25&uid=52965987
moka老板,闹市区的一片净土，睡的很安心，免费小吃、免费入住点心很好吃，浴盐与日用品的香氛久久不能忘却,5,2017-09-13,https://m.mafengwo.cn/nb/public/sharejump.php?type=25&uid=48302496
wangdongmei,映像还是很不错的，酒店隐蔽注重隐私性，内部坏境很干净，视角也OK能看到静安寺，位置当然好啦，下楼吃喝shopping都方便，因为是补写的点评印象不是很深了，里面西人住的挺多，甚至我坐飞机上，我旁坐的西人也拿着个puli的黑色袋子，印象很深哈哈。,5,2017-09-13,https://m.mafengwo.cn/nb/public/sharejump.php?type=25&uid=80214282
fengwanfei,环境好、交通方便、设备好、服务好,5,2017-09-13,https://m.mafengwo.cn/nb/public/sharejump.php?type=25&uid=51154900
panqingfeng,酒店闹中取静 很优雅  前台接待人员比较多 这点比好多酒店都好 旁边就是芮欧百货 嘉里中心  对面就是久光  对我这种喜欢逛街的人来说最合适不过了 虽然价位不低 但是也值 房间也很大 设施也都比较新 洗脸台有两个 这点也比较好 人性化 比较干净 房间内的饮料小吃都是免费的 哈哈 以后来还会选择入住,5,2017-09-13,https://m.mafengwo.cn/nb/public/sharejump.php?type=25&uid=76190286
nice_jie,位置很好 很方便 升级后的房间依然没有早餐 我也呵呵了,5,2017-09-13,https://m.mafengwo.cn/nb/public/sharejump.php?type=25&uid=76171244
gioialili,很有小资情调.装修的非常有特色尤其是大厅日内和晚上的风格令人影响深刻.,5,2017-09-13,https://m.mafengwo.cn/nb/public/sharejump.php?type=25&uid=37341771
lengjun,闹中取静慕名前来。位置炒鸡好！就是无早有些失落。浴缸在床边真的是赞爆了！只是停车费虽然赠送了但逛完商场取车还是支付了部分费用…下次还会入住,5,2017-09-13,https://m.mafengwo.cn/nb/public/sharejump.php?type=25&uid=88774636
聂枫,首先地理位置还是挺方便的， 房间宽敞干净。酒店整体来说很不错，服务态度很好，餐饮娱乐等等都不错。非常好的入住体验。下次还会继续入住。,5,2017-09-13,https://m.mafengwo.cn/nb/public/sharejump.php?type=25&uid=19967723
jasper,住过很多次了 在上海住了那么多酒店 最满意的一家,5,2017-09-13,https://m.mafengwo.cn/nb/public/sharejump.php?type=25&uid=57885947
sunxiaomei,位置好 环境不错 门前不是经常有门童 无伤大雅 房间都是经过设计的 挺好,5,2017-09-13,https://m.mafengwo.cn/nb/public/sharejump.php?type=25&uid=53239879
yls_yan,酒店地理位置优越，周围高大上的嘉里中心，房间旧了些，早餐品种不多，但都好吃。mini 吧非酒精饮料是免费的,5,2017-09-13,https://m.mafengwo.cn/nb/public/sharejump.php?type=25&uid=30202744
quhuanshuang,上海酒店不二之选，lg那天还被送了20th的蛋糕，才恍然原来都住了二十多次了,5,2017-09-13,https://m.mafengwo.cn/nb/public/sharejump.php?type=25&uid=84145820
gigiandekin,非常好的酒店，房间很多吃的。价格有点贵，环境不错。,5,2017-09-13,https://m.mafengwo.cn/nb/public/sharejump.php?type=25&uid=51015827
sgleo,自助早餐一般，并且在取食台像色拉的食物里看到了很长一根头发，应该是厨房准备时混进去的，因为和菜完全融合在一起的。和服务员说了居然还不打算撤了这道菜，经过提醒才把菜撤了，实在是有点失望。,5,2017-09-13,https://m.mafengwo.cn/nb/public/sharejump.php?type=25&uid=30425077
姬冰燕,非常好的酒店，具有东方设计美感。位置、设施和服务都一流。游泳池水偏冷。,5,2017-09-13,https://m.mafengwo.cn/nb/public/sharejump.php?type=25&uid=19952232
yue_wang_,酒店设施等都比较满意，女儿很喜欢，希望下次继续。,5,2017-09-13,https://m.mafengwo.cn/nb/public/sharejump.php?type=25&uid=48978617
奇,不想写为什么非逼着写不想写为什么非逼着写不想写为什么非逼着写,5,2017-09-13,https://m.mafengwo.cn/nb/public/sharejump.php?type=25&uid=395869
vickyling,酒店位于市中心，周边商城林立，交通方便，酒店很有设计感,5,2017-09-13,https://m.mafengwo.cn/nb/public/sharejump.php?type=25&uid=76558418
娜家小妞,初次入位，颇有新鲜感，但觉得房间装修比较粗糙。,5,2017-09-13,https://m.mafengwo.cn/nb/public/sharejump.php?type=25&uid=19992380
winnievictory,各方面都很好。第二次入住了。服务，地点，硬件，设计特别温馨，有家的感觉。下次还会入住。,5,2017-09-13,https://m.mafengwo.cn/nb/public/sharejump.php?type=25&uid=72382627
crazy_trz,非常棒，很美丽的酒店，各种服务都很完美,5,2017-09-13,https://m.mafengwo.cn/nb/public/sharejump.php?type=25&uid=63394640
冬日的一切,其他都好，早餐实在太难吃了！两人四百真不值！,5,2017-09-13,https://m.mafengwo.cn/nb/public/sharejump.php?type=25&uid=76878674
洛洛智久,很好很好很好很好很好,5,2017-09-13,https://m.mafengwo.cn/nb/public/sharejump.php?type=25&uid=19963962
topdown,环境很好。交通也很便利。下次来还会选择这家酒店入住！,5,2017-09-13,https://m.mafengwo.cn/nb/public/sharejump.php?type=25&uid=77169740
petel,一如既往的好。最喜欢的酒店之一,5,2017-09-13,https://m.mafengwo.cn/nb/public/sharejump.php?type=25&uid=60493575
tjdhwln,第二次入住这家酒店，感觉还是棒棒哒。喜欢这家酒店的装修风格，喜欢这家店的服务，真的很满意。我会推荐给其他人，希望大家来上海都能住如此好的酒店。,5,2017-09-13,https://m.mafengwo.cn/nb/public/sharejump.php?type=25&uid=86871891
zxchris,一般般吧 房gO有橐话 不中看也不中用,5,2017-09-13,https://m.mafengwo.cn/nb/public/sharejump.php?type=25&uid=87425651
王珏的老婆仔,沪上个人最喜欢的酒店，其格调让人自在巴适,5,2017-09-13,https://m.mafengwo.cn/nb/public/sharejump.php?type=25&uid=33548229
哟哈就是我,超有艺术感设计的酒店，有种古代中国风的世外桃源,5,2017-09-13,https://m.mafengwo.cn/nb/public/sharejump.php?type=25&uid=48876443
mensa,南京西路商业中心，这是第二次入住，赞！,5,2017-09-13,https://m.mafengwo.cn/nb/public/sharejump.php?type=25&uid=70417417
bolatubuge,我只能说：PULI真正让我有宾至如归的感觉。,5,2017-09-13,https://m.mafengwo.cn/nb/public/sharejump.php?type=25&uid=33451976
onlylulu,是我住过最好的酒店，房间大设施新，装修都有创意，婴儿床和宝宝用品都有，很温馨,5,2017-09-13,https://m.mafengwo.cn/nb/public/sharejump.php?type=25&uid=38381415
圈猫圈,不错的酒店，房间舒适。非常好，赞。,5,2017-09-13,https://m.mafengwo.cn/nb/public/sharejump.php?type=25&uid=19994412
xiaosan,每次都入住这里。这才是我们亚洲的文化。现代、简洁。。期待中国人都到这里学习一下什么是美、而不是盲目崇洋！,5,2017-09-13,https://m.mafengwo.cn/nb/public/sharejump.php?type=25&uid=65995067
bt水水水,环境，设计都不错，服务感觉有点不太有人情味,5,2017-09-13,https://m.mafengwo.cn/nb/public/sharejump.php?type=25&uid=82592332
xc_sh,好great experience,5,2017-09-13,https://m.mafengwo.cn/nb/public/sharejump.php?type=25&uid=37187290
jessieyang,这个价格这个位置没什么好多说吧，非常好，风格是比较典雅的新中式，走进来就觉得很安静；房间里还有配茶壶很好,5,2017-09-13,https://m.mafengwo.cn/nb/public/sharejump.php?type=25&uid=58486202
钱包包里钱多多,最喜欢的酒店，服务，设施，位置一流。,5,2017-09-13,https://m.mafengwo.cn/nb/public/sharejump.php?type=25&uid=40466792
lolazheng,不错的酒店，适合商务情侣装*各种满足，周边购物吃饭神马的都蛮方便的，房间装修的么就没有其他PULI那么碉堡。。其他都不错,5,2017-09-13,https://m.mafengwo.cn/nb/public/sharejump.php?type=25&uid=71669697
tinasuying,每次都订璞丽酒店，非常喜欢，旁边的香格里拉和宏安瑞士都不能比。,5,2017-09-13,https://m.mafengwo.cn/nb/public/sharejump.php?type=25&uid=42304596
Ｓa y Ｂｙｅ,可以说是我住过的国内酒店里体验最好的酒店，非常赞,5,2017-09-13,https://m.mafengwo.cn/nb/public/sharejump.php?type=25&uid=19992602
dongjiajia,感觉还不错，位置挺好的，边上商场多,5,2017-09-13,https://m.mafengwo.cn/nb/public/sharejump.php?type=25&uid=58041226
小螃蟹的滩涂,有品味的精致酒店，设计讲究，有情调。适合高冷喜欢安静思考的人士，尤其喜欢酒店大厅的特订香味，这个相当难得，只是价格有点高。,5,2017-09-13,https://m.mafengwo.cn/nb/public/sharejump.php?type=25&uid=54338805
rayhell,比较有特色的设计风格，老外很多，服务冷冰冰的。。。有比较好的回忆。周围都是写字楼购物吃饭都比较方便。静静静静静静静静静,5,2017-09-13,https://m.mafengwo.cn/nb/public/sharejump.php?type=25&uid=69121154
clover_threeleaves,挺好！对得起这个价格,5,2017-09-13,https://m.mafengwo.cn/nb/public/sharejump.php?type=25&uid=67137076
zzz小鬼,环境很不错，早餐略简单，但地处静安中心地段，周边餐饮购物都很方便。,5,2017-09-13,https://m.mafengwo.cn/nb/public/sharejump.php?type=25&uid=76369365
Ophelia,在puli吃过午餐和早午餐，食物都很赞，虽然贵但是感觉还是物有所值的。另外有去考察过客房设施，细节设计很到位，木地板而不是地毯，印象深刻。很棒的精品酒店， 比很多大牌五星强。,5,2015-11-23,https://m.mafengwo.cn/nb/public/sharejump.php?type=25&uid=18045520
zhang_zll,位置好，风格讨巧，对得起这个价格。酒店属于五星级酒店里面的小众，中式风格明显，大概比较讨老外的喜欢吧。,5,2017-09-13,https://m.mafengwo.cn/nb/public/sharejump.php?type=25&uid=76627768
福娃第一名,一直喜欢住在这里，每次入住都让我心旷神怡,5,2017-09-13,https://m.mafengwo.cn/nb/public/sharejump.php?type=25&uid=71174841
落花忆梦,地段不错，离地铁口很近，周边商城很多，购物吃饭出行都很方便,5,2017-09-13,https://m.mafengwo.cn/nb/public/sharejump.php?type=25&uid=19961576
雨中霞,给老板定的，每次都是这里，行政楼层可以提早checkin,5,2017-09-13,https://m.mafengwo.cn/nb/public/sharejump.php?type=25&uid=19960981
donghui,地段和服务当然是一流的，但这个价位来说，房间还是偏小。鉴于璞丽的服务，还是给五星吧。,5,2017-09-13,https://m.mafengwo.cn/nb/public/sharejump.php?type=25&uid=85385993
poppocx,"酒店位置不错，在静安嘉里附近，周边购物及吃喝玩乐都很方便。房间的装饰和配置都比较喜欢，就是电视比较旧款了。

服务人员也比较热情，就是在退房以后大厅坐着，大堂吧的工作人员不给我坐在沙发且要求不可以喝自己的咖啡，这点非常不喜欢。",5,2017-09-13,https://m.mafengwo.cn/nb/public/sharejump.php?type=25&uid=40266006
corrinnay,强烈推荐太赞了，虽然价格不是最贵的，但是给人那份安逸感是无价的，在静安寺这么繁华的地界却有如此静雅的酒店太完美了。酒店的设施处处体现人性化，100%推荐！,5,2017-09-13,https://m.mafengwo.cn/nb/public/sharejump.php?type=25&uid=10109999
cjingzhuo,环境不错，就是有点吵，酒店设备可以,5,2017-09-13,https://m.mafengwo.cn/nb/public/sharejump.php?type=25&uid=88661149
mariolovemario,之前一直想住这里，住了之后觉得还好吧！可能期望值太高了，不过市区的度假休闲酒店算是很好了,5,2017-09-13,https://m.mafengwo.cn/nb/public/sharejump.php?type=25&uid=62568491
脉脉zerlinda,很好，房间不错，服务态度也好,5,2017-09-13,https://m.mafengwo.cn/nb/public/sharejump.php?type=25&uid=81053456
bluewing,很精致，闹中取静的地方，周边环境好,5,2017-09-13,https://m.mafengwo.cn/nb/public/sharejump.php?type=25&uid=75188886
梅花疏淡,环境好，周围也很方便，加床的价格太高了，下次还会去住的,5,2017-09-13,https://m.mafengwo.cn/nb/public/sharejump.php?type=25&uid=19997312
科仔_cola,每次上海出差都会选这边，算是静安寺这里最好的精品酒店了。嗯有格调，经常会在出差间隙在楼下的酒吧约朋友。很方便，去公司也很近。出来全是shopping mall。喜欢璞丽。啊差点忘了！泳池也超级赞。就是不喜欢楼下有高架。,5,2017-09-13,https://m.mafengwo.cn/nb/public/sharejump.php?type=25&uid=81494968
扣儿,住过这么多酒店没见这么不待见国人崇洋媚外的。对外宾和内宾的态度差别太大。招待的都爱说英文对说中文的不待见。吃早饭时我们进去咖啡都没倒，也没有任何人来招待。老外进来就点头哈腰铺桌巾送菜单，问面包味道怎么样。太恶心这种服务。,5,2017-09-13,https://m.mafengwo.cn/nb/public/sharejump.php?type=25&uid=323530
yanyan,非常不错的酒店，地段在最热闹的静安寺附近，隔壁就是久光百货，芮欧百货。特别是酒店的装修非常特别。以后还会入住,5,2017-09-13,https://m.mafengwo.cn/nb/public/sharejump.php?type=25&uid=41957155
cythree,这家酒店的整体感觉还是蛮好的。,5,2017-09-13,https://m.mafengwo.cn/nb/public/sharejump.php?type=25&uid=43616177
someonewangheng,整个设计非常棒，新中国元素运用的很好,5,2017-09-13,https://m.mafengwo.cn/nb/public/sharejump.php?type=25&uid=83528361
micky青青,不错的酒店，一直都很喜欢，但是好像维护没有以前好了，客房里感觉不太干净,5,2017-09-13,https://m.mafengwo.cn/nb/public/sharejump.php?type=25&uid=38914564
oliver_hu,五星水准，环境，服务和卫生都很棒，地段很棒位于繁华商圈，周边吃的喝的买的都很方便，很满意。下次还会选择这里。,5,2017-09-13,https://m.mafengwo.cn/nb/public/sharejump.php?type=25&uid=37897176
oumak,交通方便，房间内设计现代，前台接待专业。,5,2017-09-13,https://m.mafengwo.cn/nb/public/sharejump.php?type=25&uid=77728876
小道,很舒服的酒店，下次还会入住,5,2017-09-13,https://m.mafengwo.cn/nb/public/sharejump.php?type=25&uid=19931938
琪琪爱丹丹,puli作为一家boutique酒店，设计方面很有小资情调；前台服务也不错，挺客气的；房间干净，总体而言感觉不错，以后去上海还会继续住的酒店,5,2017-09-13,https://m.mafengwo.cn/nb/public/sharejump.php?type=25&uid=73540419
冰淇凌的祈祷,房价很大，设施很不错价格稍微贵点。,5,2017-09-13,https://m.mafengwo.cn/nb/public/sharejump.php?type=25&uid=61552050
cherub,其他都ok 除了前台服务不周！,5,2017-09-13,https://m.mafengwo.cn/nb/public/sharejump.php?type=25&uid=56764441
dearkitty,从住了璞丽酒店之后！去上海再没选择其他酒店！时间不紧张的话！可以在酒店多住几天！享受一下酒店设施！超棒！,5,2017-09-13,https://m.mafengwo.cn/nb/public/sharejump.php?type=25&uid=56871704
汉将,当天入住很晚，没仔细看。第二天强烈感受到酒店独特的魅力和文化氛围。各方面都堪称一流,5,2017-09-13,https://m.mafengwo.cn/nb/public/sharejump.php?type=25&uid=19991601
囡lovexixi,环境干净 服务态度好 酒店设施也是很特别,5,2017-09-13,https://m.mafengwo.cn/nb/public/sharejump.php?type=25&uid=33525498
dreamycat,酒店入口不是很好找，但闹中取静，装修沉稳大气！周边都是商场，购物方便，值得推荐！,5,2017-09-13,https://m.mafengwo.cn/nb/public/sharejump.php?type=25&uid=53004872
lsliii,想感受一下这个品牌的酒店 不错 现代 安静 私隐 服务好,5,2017-09-13,https://m.mafengwo.cn/nb/public/sharejump.php?type=25&uid=84643995
钟xixi,家庭入住 整个服务非常棒 房间宽敞舒适 很喜欢,5,2015-10-11,https://m.mafengwo.cn/nb/public/sharejump.php?type=25&uid=62516419
sprity,独特的设计，私隐度高，餐厅食物味道非常好，特别是烤羊肉，很嫩！,5,2017-09-13,https://m.mafengwo.cn/nb/public/sharejump.php?type=25&uid=57473821
jfgege,位置不错，临近地铁，布置有情调，近静安寺,5,2017-09-13,https://m.mafengwo.cn/nb/public/sharejump.php?type=25&uid=46543001
violashi,半夜跑去璞丽住，超乎想象！完全不一样的风格,5,2017-09-13,https://m.mafengwo.cn/nb/public/sharejump.php?type=25&uid=45473463
lmfeason,环境优美、舒适、宾至如归的感觉！,5,2017-09-13,https://m.mafengwo.cn/nb/public/sharejump.php?type=25&uid=50937354
阿伟awei,除了餐厅以外，各方面都是优秀。,5,2017-09-13,https://m.mafengwo.cn/nb/public/sharejump.php?type=25&uid=77591491
白雪独爱曼联,非常喜欢这个酒店，交通便利，设施齐全，服务周到，设计典雅，唯一不足的是房间的隔音略逊,5,2017-09-13,https://m.mafengwo.cn/nb/public/sharejump.php?type=25&uid=71848894
瞥叟,每次和老婆一起来上海都会住璞丽，地理位置实在好，出门是商场，特别方便，酒店服务一如既往的贴心。,5,2017-09-13,https://m.mafengwo.cn/nb/public/sharejump.php?type=25&uid=19991862
huavle,非常不错！高端商务旅游必选酒店！,5,2017-09-13,https://m.mafengwo.cn/nb/public/sharejump.php?type=25&uid=48019200
echodyno,酒店格调不错 周边吃的也多 挺方便,5,2017-09-13,https://m.mafengwo.cn/nb/public/sharejump.php?type=25&uid=84695232
三国水静,这个酒店给人第一感觉就是入口非常的神秘走进去一看则发现更是让人觉得非常的有种隐秘于都市的感觉整体风格有点偏东南亚风非常的喜欢前台工作人员都非常的亲切入住后进入房间整体布局已经风格都让人很喜欢感觉简单纯朴虽然是五星级酒店但是一点都不浮夸总之非常喜欢这家酒店.下次还会来入住.,5,2017-09-13,https://m.mafengwo.cn/nb/public/sharejump.php?type=25&uid=19990852
bonniezyh,太多惊喜了，预订的时候留言是结婚纪念日酒店还温馨的升级了了房间并赠送了香槟，太感动了,5,2017-09-13,https://m.mafengwo.cn/nb/public/sharejump.php?type=25&uid=89766427
叶叶的花园,酒店大堂环境很舒服、安静，但房间略显简单。,5,2017-09-13,https://m.mafengwo.cn/nb/public/sharejump.php?type=25&uid=73546761
colinonasle,喧嚣中的宁静！紧邻静安寺！酒店服务非常好！环境好、出入方便！非常值得再去！,5,2017-09-13,https://m.mafengwo.cn/nb/public/sharejump.php?type=25&uid=40277599
杰克在买菜,房间非常好 很干净很舒适 服务也很贴心 总之好评 下次还会去,5,2017-09-13,https://m.mafengwo.cn/nb/public/sharejump.php?type=25&uid=49498072
herbaljelly,没有想象的好，价格贵，早餐差。,5,2017-09-13,https://m.mafengwo.cn/nb/public/sharejump.php?type=25&uid=34975672
王萍lst,环境好，位置方便，夜景还不错。,5,2017-09-13,https://m.mafengwo.cn/nb/public/sharejump.php?type=25&uid=52089031
wttinawttina,不满意！房间比较小！在亿龙定的这个价格和酒店前台定一样！担保搞不懂亿龙什么意思，冻结一晚房费担保，到了酒店还是要付三千担保金！冻结五千担保金就为了这个一千七的房价!亿龙你现在是不考虑我们用户了！,5,2017-09-13,https://m.mafengwo.cn/nb/public/sharejump.php?type=25&uid=30122420
纯洁肉包男,非常好非常好非常好非常好非常好非常好,5,2017-09-13,https://m.mafengwo.cn/nb/public/sharejump.php?type=25&uid=50109455
完全junjin,周边环境好，交通便利，周边环境好，交通便利。,5,2017-09-13,https://m.mafengwo.cn/nb/public/sharejump.php?type=25&uid=62374599
wenzishashou,不错，装修的很让人舒服放松，旁边就是越洋广场,5,2017-09-13,https://m.mafengwo.cn/nb/public/sharejump.php?type=25&uid=73087994
许下的永远,酒店位置在市中心，方便快捷。服务不错。,5,2017-09-13,https://m.mafengwo.cn/nb/public/sharejump.php?type=25&uid=33080170
ganly_,好的一比 有钱天天住,5,2017-09-13,https://m.mafengwo.cn/nb/public/sharejump.php?type=25&uid=86824216
小雁子_jessic,喜欢这里的，下次有机会吧,5,2017-09-13,https://m.mafengwo.cn/nb/public/sharejump.php?type=25&uid=80796390
王雅欣王雅欣,整w碚f都非常不e，住的挺舒服的，周吃也方便。,5,2015-09-17,https://m.mafengwo.cn/nb/public/sharejump.php?type=25&uid=74050343
clairevs,闹中取静，交通便利，装修风格喜欢,5,2017-09-13,https://m.mafengwo.cn/nb/public/sharejump.php?type=25&uid=84540376
muwenjie_,优点不多说，有目共睹！卫生间小花洒一般，配不上这么好的酒店，管短、出水不畅，不防缠绕！房间里面的镂空屏风玄关里全是灰，影响美观！,5,2017-09-13,https://m.mafengwo.cn/nb/public/sharejump.php?type=25&uid=73276553
xiangjingxin,位置很隐蔽，装修很有格调，歪果仁很多，在房间里能看到静安公园,5,2017-09-13,https://m.mafengwo.cn/nb/public/sharejump.php?type=25&uid=80842039
maomaoyi,地理位置好，坐地铁很方便，附近大商场很多，吃喝购物太棒了！酒店让人感觉很安静，仿佛都市里的田园，让人身心很放松，很好的体验！,5,2017-09-13,https://m.mafengwo.cn/nb/public/sharejump.php?type=25&uid=54651065
一心意的爱,不错不错，真的非常不错啊,5,2017-09-13,https://m.mafengwo.cn/nb/public/sharejump.php?type=25&uid=34684251
阿香的美丽日子,觉得早餐不是很满意 其他还可以 对了 酒店没有称重器 还要让服务员拿过来,5,2017-09-13,https://m.mafengwo.cn/nb/public/sharejump.php?type=25&uid=48220443
jessica,很漂亮的酒店，值得一试，但是因为价格太高，性价比不是太好,5,2017-09-13,https://m.mafengwo.cn/nb/public/sharejump.php?type=25&uid=49642342
vrahara,酒店非常漂亮，设计风格超前，就是静安寺旁边，逛街、吃饭、会客、出行都非常方便，但是价格偏高了,5,2017-09-13,https://m.mafengwo.cn/nb/public/sharejump.php?type=25&uid=82621996
oO云淡风轻Oo,非常喜欢的一家酒店 我在上海唯一认可的！,5,2017-09-13,https://m.mafengwo.cn/nb/public/sharejump.php?type=25&uid=19983240
马蜂窝用户,来璞丽住过多次了 总体感觉适中 挑不出哪里不好 不过相比文华的服务热情 可能以后会选择文华多一些吧,5,2017-09-13,https://m.mafengwo.cn/nb/public/sharejump.php?type=25&uid=68970082
wonderful_,酒店超赞，服务很好，办理入住只用了1min，很快，酒店用品质量也非常好，提前准备了欢迎卡，点心，用心服务了，非常棒！,5,2017-09-13,https://m.mafengwo.cn/nb/public/sharejump.php?type=25&uid=61602909
angela,位置和景色都很赞！服务和设施充满人性化。房间的装修风格让人亲切又不失设计感。下次还会选择！,5,2015-08-31,https://m.mafengwo.cn/nb/public/sharejump.php?type=25&uid=45848831
hello_kjf,在南京西路久光对面，楼下是瑞欧百货。百货店楼下就有地铁口，吃住都很方便。房间不大但设计很到位，服务个方面都满意！,5,2017-09-13,https://m.mafengwo.cn/nb/public/sharejump.php?type=25&uid=39456226
youngyoung,上海出差的首选呀！闹中取静，低调奢华，非常非常好。,5,2017-09-13,https://m.mafengwo.cn/nb/public/sharejump.php?type=25&uid=83760039
oliviamiumiu,酒店地理位置可以，酒店设施齐全，总体不错。,5,2017-09-13,https://m.mafengwo.cn/nb/public/sharejump.php?type=25&uid=47724606
minimonkey,璞丽的地址位置非常棒，旁边就是reel，对面是嘉里中心，就是去恒隆稍微远了点。酒店内设施很齐全很干净也很方便，住起来非常舒适，不过浴袍的确有点薄，拖鞋也显得不是特别结实，但穿起来感觉还好，这两点也绝对不影响住在客房的舒适度，顺便说一下窗帘，遮光性太好了，白天能遮成黑夜，很适合像我们这样睡觉不喜光线的。酒店工作人员的服务值得赞扬，无论是酒店门童前台还是保洁都很nice，特别值得一提的是礼宾部，我回到家才发现笔记本电源线落在酒店，打给酒店，酒店当天就帮我寄出来了，真的非常感谢。总体来说，璞丽非常值得推荐，下次我们还会选择这家酒店。,5,2017-09-13,https://m.mafengwo.cn/nb/public/sharejump.php?type=25&uid=49726426
cottic,非常好的服务，非常好的设施，非常方便,5,2017-09-13,https://m.mafengwo.cn/nb/public/sharejump.php?type=25&uid=44462891
ginny,设计精品酒店，风格是外国人想像出来的中国风的样子。大堂有腔调，房间大，床上用品也还好，浴袍好烂，拖鞋也好烂，健身中心不错，设备很全。泳池没有用。房 间有水果，但只送的硬的猕猴桃，MINI吧酒水可用，可实际上没有什么吃的。但免费瓶装水很充足，这点很好。酒店服务还是不错的。适合商旅，不适合休闲放松旅游,5,2017-09-13,https://m.mafengwo.cn/nb/public/sharejump.php?type=25&uid=83536718
vivianywj,"总体印象：刚退房，这次入住印象深刻，非常好。璞丽酒店有一种大隐隐于市的感觉，建筑和景观的设计毋庸多提，更让人赞叹的是其光影的设计，真正体现了闹中取静的涵义，无愧于是urban resort.
*位置：极佳，坐落于静安寺旁，周边就是静安嘉里中心和芮欧，一出门就是地铁口，唯一的设计缺陷就是酒店入口没做人车分流，略遗憾。
*环境：极佳，一入大门就弥漫着淡淡芬芳，清雅没有脂粉味，彷佛步入另一个时空。
*消费：较高，但是物有所值。
*住房设施：房间设计很有禅意，中西合璧，简约低调的奢华，兰花美极了，最喜欢沙发，软硬适中，非常舒适；个人觉得住房的电动设施都慢半拍，不适合急性子的人；空调净化系统不错，房间空气很好，无噪音；送了甜点和水果，都很不错；minibar很赞，有雀巢的胶囊咖啡机，天天补给，全部免费很大气，饮用水处处可见，非常方便。
*泳池：太美了，非常喜欢，景色极佳。
*服务：很有礼貌，轻声细语，不过分热情，让人很舒服。
*餐饮：下午茶的scone很赞，适合朋友小聚，外面露台的景色很美，不喜欢下午茶的服务员，略冷漠；long bar很有特色，晚上推荐的鸡尾酒一般，性价比不高。总体胜在环境好，餐饮不特别推荐。
住客：歪果仁居多，帅哥美女也多，个人觉得服务生对歪果仁更热情点。
退房：非常便捷快速，没有查房，很好。
谈谈一些需要改进的地方：1.入住第一天发现minibar最上面一层的咖啡杯碟子没洗干净，粘着一点小碎屑；2.润肤露开了一半口子，感觉像用过了；3.淋浴室的花洒特别不好用，不好调节，容易外溅；4.个人不喜欢洗手池的龙头，用起来也是水花四溅；5.因酒店有些年岁，有点灰尘，百叶窗有折痕。
总之，下次来沪还会住。",5,2017-09-13,https://m.mafengwo.cn/nb/public/sharejump.php?type=25&uid=79736850
戴珍珠耳环的人,酒店还是一如既往的好。每次来上海都会来这里住,5,2017-09-13,https://m.mafengwo.cn/nb/public/sharejump.php?type=25&uid=63590484
苍狼,中式酒店的极致，细节与品位无可挑剔，服务细微，客房尺度与使用极其舒适，checkin时还升级了客房，下次还来住。,5,2017-09-13,https://m.mafengwo.cn/nb/public/sharejump.php?type=25&uid=19963248
康康最好了,灯光和装修风格配合着屋子非常轻松 一点烦恼都没有 只想好好睡一觉,5,2017-09-13,https://m.mafengwo.cn/nb/public/sharejump.php?type=25&uid=42518656
一只龟速的蜗牛,一贯住这里，出行方便，房间好睡！一沾床就睡,5,2017-09-13,https://m.mafengwo.cn/nb/public/sharejump.php?type=25&uid=19918978
lailaiququgd,真是背靠繁华都市，但又犹如世外桃园，感觉真好极了，必须点赞！,5,2017-09-13,https://m.mafengwo.cn/nb/public/sharejump.php?type=25&uid=86809083
feiyunlan,"这个酒店在静安寺算性价比很高的酒店
属于闹中取静的地方
地铁 交通都在5分钟走路可以到达
酒店的设计美观
酒店的早餐也很棒
每次都客人来上海，都会选折这个酒店，价格不是很高，但是各方面条件都远超这个价格",5,2017-09-13,https://m.mafengwo.cn/nb/public/sharejump.php?type=25&uid=41826241
fumengdalian,第二次定璞丽了，很喜欢！闹中取静，舒适。,5,2017-09-13,https://m.mafengwo.cn/nb/public/sharejump.php?type=25&uid=77259578
youlinggu,朋友很喜欢这家酒店 每次来上海必住的酒店,5,2017-09-13,https://m.mafengwo.cn/nb/public/sharejump.php?type=25&uid=65060212
阿蛇_momo,酒店位置非常方便，环境很好，值得推荐。。,5,2017-09-13,https://m.mafengwo.cn/nb/public/sharejump.php?type=25&uid=68001355
yelin,非常好下次去上海还会住的。,5,2017-09-13,https://m.mafengwo.cn/nb/public/sharejump.php?type=25&uid=65699402
snowtiger,酒店位置很好，出门就是静安寺商圈。卫生间有些设施陈旧。,5,2017-09-13,https://m.mafengwo.cn/nb/public/sharejump.php?type=25&uid=49967497
fengji1000,不是物有所值，在北京住的房间装修风格和这里差不多，但是价位却差很多,5,2017-09-13,https://m.mafengwo.cn/nb/public/sharejump.php?type=25&uid=19994817
terrencewang,棒棒嗒，旁边商场地铁都很方便，整个酒店里都很好闻，喜欢房间里的家具????,5,2017-09-13,https://m.mafengwo.cn/nb/public/sharejump.php?type=25&uid=34442941
宝贝ding,非常好…环境很好，也很舒适…000000,5,2017-09-13,https://m.mafengwo.cn/nb/public/sharejump.php?type=25&uid=46468791
佛山zhihua,非常好…环境很好，也很舒适…,5,2017-09-13,https://m.mafengwo.cn/nb/public/sharejump.php?type=25&uid=52544345
fangshuai,早餐还不错，就是没有香格里拉丰富和好吃,5,2017-09-13,https://m.mafengwo.cn/nb/public/sharejump.php?type=25&uid=85137029
你要的温柔r,酒店地理位置很好，旁边就有地铁站，附近商场很多，吃饭购物都很方便。坐2号线去南京西路和人民广场也很近。去早了点，等到两点才办理入住。酒店免费帮我升级到了套间，房间很大，装修风格是古典与现代相结合的，我很喜欢。mini吧里的所有饮料和食物都是免费的，看到大白兔奶糖，总有种怀念的感觉。 酒店香皂是手工皂，味道很好闻。浴缸前有电视，可以边泡澡边看。房间很安静，床也很大很软，睡得很舒服。酒店服务不错，很满意，会再次入住。,5,2017-09-13,https://m.mafengwo.cn/nb/public/sharejump.php?type=25&uid=19943755
hadaybreak,服务好、环境好、设施一流，值得推荐,5,2017-09-13,https://m.mafengwo.cn/nb/public/sharejump.php?type=25&uid=54491587
laoliufocus,"太喜欢璞丽了！以后上海的住宿地绝对就是Puli了！武汉的话就璞瑜～酒店大堂的香味很好闻；酒店所有服务员态度都很好；房间里的Mini Bar太实在了，想喝啥喝啥；健身房很小但是还不错，下次来要试你们的spa！！这次时间不够床很软很舒服，浴室干湿分离，房间格局很好地理位置不能再赞了，有逛有吃交通也好方便！ 没有收到酒店餐厅优惠券和spa优惠券～～希望下次有！",5,2015-08-31,https://m.mafengwo.cn/nb/public/sharejump.php?type=25&uid=38600453
lewenjie,设计的真是太棒了 在静安寺地段 芮欧百货边 嘉里中心对面 久光也近在咫尺 但酒店确实秉承了都市桃花源的理念 让你忘却身处闹市 光影交汇并且充满禅意的设计让炎炎夏日都清凉不少 酒店的前台和管理也是彬彬有礼 入住的外国客人比较多 甚至晚上10点大堂吧都坐满了人 而且酒店咖啡吧都任您享用全部免费 wifi速度也很快 在目前各大高端品牌酒店wifi都要收费的情况下 真的性价比很高 不足的地方是房间厕所坐圈上有水印一类的污渍 也擦不掉但很斑驳 显得脏脏的感觉 还有付费吃的酒店早餐 真的和整体格调不符 非常非常简单 水果 面包 果汁 酱菜 粥 三种馒头 果腹不成问题 味道也还算不错 但这么点价格150外加服务费 觉得偏高了 下次可以出去吃 整体来说非常满意,5,2017-09-13,https://m.mafengwo.cn/nb/public/sharejump.php?type=25&uid=83932966
木桶桐,"宁静的港湾 1、冰桶与卫生间的垃圾桶同款2、缺少水果叉3、床单老化破损",5,2015-08-31,https://m.mafengwo.cn/nb/public/sharejump.php?type=25&uid=19910726
fangfang_,酒店比较有特色里面的配置的，东西也比较体贴，应该不错，很干净。,5,2017-09-13,https://m.mafengwo.cn/nb/public/sharejump.php?type=25&uid=89579975
小鸟翅膀儿,服务超好！地理位置很好，周边商场超市很多，很便利,5,2017-09-13,https://m.mafengwo.cn/nb/public/sharejump.php?type=25&uid=37692894
xiaoxiao,酒店太舒服了，设计性强！服务也一流！棒！,5,2017-09-13,https://m.mafengwo.cn/nb/public/sharejump.php?type=25&uid=86368302
ammon,也许是看其他点评后期望太高了所以反而没觉得有特别的惊喜。不过确实每个细节都做得很好，值这个价钱。有机会还是希望能多住几晚。,5,2017-09-13,https://m.mafengwo.cn/nb/public/sharejump.php?type=25&uid=57806995
飞鸟云端龙龙,物有所值，唯一遗憾是入住的房间浴缸的漏水塞坏掉了……,5,2017-09-13,https://m.mafengwo.cn/nb/public/sharejump.php?type=25&uid=63572362
zhuapril,得到某人的高度好评啊！从里至外一股浓浓的禅意包裹，品味极高的一次体验，尤其罗地玻璃窗将静安寺夜景尽收眼底，另洗漱间的男女隔离设计，使空间感更强。整体格调高雅的有文化底蕴的设计风格，下次再去入住。,5,2017-09-13,https://m.mafengwo.cn/nb/public/sharejump.php?type=25&uid=76093983
沁雪あ紫依,我住的是豪华大床房，十分干净，设施齐全，低调奢华，服务也不错！,5,2017-09-13,https://m.mafengwo.cn/nb/public/sharejump.php?type=25&uid=19994794
yuliya_chen,超赞！！！！！！！！！！！,5,2017-09-13,https://m.mafengwo.cn/nb/public/sharejump.php?type=25&uid=72909477
wstcmql,都很满意 第一次入住还被升级套房 赞 早餐品种不够多,5,2015-08-31,https://m.mafengwo.cn/nb/public/sharejump.php?type=25&uid=80593370
graceguansongya,帮朋友订的，朋友挺满意的，房间够大，夜景也不错。,5,2017-09-13,https://m.mafengwo.cn/nb/public/sharejump.php?type=25&uid=69462773
raindroply,酒店符合五星美u，位於o安^地F站附近，交通方便。餐c、O施均非常秀，b潢很有特色。很想再去一次的酒店，值得推]。,5,2017-09-13,https://m.mafengwo.cn/nb/public/sharejump.php?type=25&uid=66802713
see_the_sea,很喜欢这家酒店的感觉，大堂清新舒适的香味，长长的大堂吧，有意思的图书室，有一丝情调。。。,5,2017-09-13,https://m.mafengwo.cn/nb/public/sharejump.php?type=25&uid=82501370
amylongqian,"非常有特色的大型精品酒店，帮朋友预定是希望感觉特殊点，反映基本不错，靠着南京西路，隔壁高端百货，吃住行都算方便
值得推荐",5,2017-09-13,https://m.mafengwo.cn/nb/public/sharejump.php?type=25&uid=46492300
wanglijun君子,帮朋友待定的，反映还好，酒店附近交通、餐饮还不错，应该是一个现代泰式的精品特色酒店，其它的没有实际体验,5,2017-09-13,https://m.mafengwo.cn/nb/public/sharejump.php?type=25&uid=82025666
诗颖dk_s,是我在国内住过客户体验最好的酒店。没有之一。房间环境非常好,5,2017-09-13,https://m.mafengwo.cn/nb/public/sharejump.php?type=25&uid=88296359
思思爱米粒,"高端商务 我带着Willian住这里 没有儿童拖鞋 浴袍等儿童用品。但是带着他感受business man 他三岁不到 他能感受得到。：）
服务比较硬。老外很多。旁边的越洋大厦里都是外企吧。",5,2017-09-13,https://m.mafengwo.cn/nb/public/sharejump.php?type=25&uid=72662506
妖咖咖运气,一个很有中国意境设计感的酒店，住了五天，蛮惊喜的，不过服务软实力需要提升，早餐不好，细节的卫生状况需要加强，和整个环境不匹配。作为酒店控的我对这家酒店不是很满意，有惊喜，但不完美。,5,2017-09-13,https://m.mafengwo.cn/nb/public/sharejump.php?type=25&uid=19957835
五月的小丫,每次领导出行上海，都为她订璞丽，很满意,5,2017-09-13,https://m.mafengwo.cn/nb/public/sharejump.php?type=25&uid=62188936
fang_,环境好，整体入住体验不错，值得推荐，还去再去！,5,2017-09-13,https://m.mafengwo.cn/nb/public/sharejump.php?type=25&uid=34597268
克贝塔,环境超棒卫生也可以服务很贴心入住首选,5,2017-09-13,https://m.mafengwo.cn/nb/public/sharejump.php?type=25&uid=19984396
juiyuang,感觉服务没有以前好了，同样的价格还不如住别的酒店，寒心,5,2017-09-13,https://m.mafengwo.cn/nb/public/sharejump.php?type=25&uid=76866988
adajin,满意。前台看我是孕妇还特地给我靠公园的房间，贴心。,5,2017-09-13,https://m.mafengwo.cn/nb/public/sharejump.php?type=25&uid=84925969
scott_gsm,床还可以，热水还可以，空调还是冷的,5,2017-09-13,https://m.mafengwo.cn/nb/public/sharejump.php?type=25&uid=37649005
赵乃轩,都很好，就是大堂很隐蔽，第一次不好找,5,2017-09-13,https://m.mafengwo.cn/nb/public/sharejump.php?type=25&uid=19994062
wanglijun君子,帮客户订的酒店，一如既往的好！所以每次客户来，都会选这家酒店！,5,2017-09-13,https://m.mafengwo.cn/nb/public/sharejump.php?type=25&uid=82025666
憨憨的蜗牛,去美国签证的，路也不远，走路十几分钟就到了！酒店真心不错，处处彰显低调的奢华！我很喜欢这种风格！以后还会入住的！,5,2017-09-13,https://m.mafengwo.cn/nb/public/sharejump.php?type=25&uid=89409463
honeyvitas,Jaya遗作，冲这个来的。非常好的酒店，都市桃源的感觉。印尼设计师做的现代中国风。,5,2017-09-13,https://m.mafengwo.cn/nb/public/sharejump.php?type=25&uid=35386943
zyxfu,给领导预定的。价格跟国际接轨了，服务却没跟上，糟糕的服务态度，漫长的check inout时间，远远没有达到该有的水准。人多了服务就呈断崖式下跌，白白糟蹋了JAYA的设计，只能给差评啦,5,2017-09-13,https://m.mafengwo.cn/nb/public/sharejump.php?type=25&uid=64432184
greens_,优雅高尚的酒店，把中华秀美用法式优雅表达得淋漓尽致。不愧是台湾微风集团的力作。room service的软壳蟹汉堡和鲍鱼粥都好好吃！地段在静安嘉里中心旁边，还能要求什么呢。。,5,2015-09-17,https://m.mafengwo.cn/nb/public/sharejump.php?type=25&uid=47196007
dianshikankan,服务热情，环境优雅。 房间也很有格调。,5,2017-09-13,https://m.mafengwo.cn/nb/public/sharejump.php?type=25&uid=88241523
vrahara,果然是设计酒店！钱花的值啊！不错,5,2017-09-13,https://m.mafengwo.cn/nb/public/sharejump.php?type=25&uid=82621996
keven_,环境很好，服务就一般了，缺少个性化服务，最郁闷的是在洗澡的时候，前台把我们的房间重复销售了，行李员带着其他人还强行开我们房门，在五星酒店遇到这样的事，我也是醉了。,5,2017-09-13,https://m.mafengwo.cn/nb/public/sharejump.php?type=25&uid=50117420
liuhuixia,很不错的酒店，交通便捷，边上购物吃喝都很方便，紧靠静安公园。,5,2017-09-13,https://m.mafengwo.cn/nb/public/sharejump.php?type=25&uid=40332578
kathy_xjn,酒店大堂很有感觉，但房间略微一般，靠高架的一边不安静。前台服务的素质参差不齐，实在不应该，减分不少。,5,2017-09-13,https://m.mafengwo.cn/nb/public/sharejump.php?type=25&uid=40068426
sunyuguoguo,好好好吧好好好好好好好好好好好,5,2017-09-13,https://m.mafengwo.cn/nb/public/sharejump.php?type=25&uid=46771911
cahflower,一直住@里，硬件件好！出行方便。,5,2017-09-13,https://m.mafengwo.cn/nb/public/sharejump.php?type=25&uid=30217428
yang_xu_hua,早餐不错，挺有风格的一家酒店，外宾也多。,5,2017-09-13,https://m.mafengwo.cn/nb/public/sharejump.php?type=25&uid=82944632
wolfwolfgod_,非常喜欢璞丽酒店，下次还会入住！,5,2017-09-13,https://m.mafengwo.cn/nb/public/sharejump.php?type=25&uid=32827419
奋斗中的小蜗牛,一直长期住的，挺不错的。一直很满意。,5,2017-09-13,https://m.mafengwo.cn/nb/public/sharejump.php?type=25&uid=41346529
瞬移杨,酒店环境和卫生都不错，服务员会主动打招呼，旁边就是静安公园，很好，还有很多商业广场，也算是市中心了,5,2017-09-13,https://m.mafengwo.cn/nb/public/sharejump.php?type=25&uid=19966458
hujing,客服到位 环境好 安静 未就餐 招待客人入住的 反馈很好,5,2017-09-13,https://m.mafengwo.cn/nb/public/sharejump.php?type=25&uid=80628425
lovelylinrui,测量咯水库扣扣哦漏努力天喽喽OK咯,5,2017-09-13,https://m.mafengwo.cn/nb/public/sharejump.php?type=25&uid=54325563
豺狼,很喜欢酒店的风格，有些许禅韵，硬件设施也都不错,5,2017-09-13,https://m.mafengwo.cn/nb/public/sharejump.php?type=25&uid=19996491
S乐,儿童加床竟然收550另加15%服务费？住了这么多五星真没遇到过。入住送的巧克力水果没有，迷你冰箱牛奶竟然坏了，第三晚竟然洗发水忘记提供，在浴室等了半天没送过来，好吧，只水洗一下头发了，诶！,5,2017-09-13,https://m.mafengwo.cn/nb/public/sharejump.php?type=25&uid=19997707
yuxinziyuxinzi,"很好 
地理位置市中心，出游购物方便",5,2017-09-13,https://m.mafengwo.cn/nb/public/sharejump.php?type=25&uid=39342861
lqzhifubao,太特别的酒店，很多老外，处处都让人回味！不错！,5,2017-09-13,https://m.mafengwo.cn/nb/public/sharejump.php?type=25&uid=71374083
applelee,第二次入住，是静安区住过最好的酒店，服务好，环境好，房间里很干净，交通也方便，旁边就是大商场购物很方便。,5,2017-09-13,https://m.mafengwo.cn/nb/public/sharejump.php?type=25&uid=32849820
cherub,很新设备很好软硬件都不错位置好,5,2017-09-13,https://m.mafengwo.cn/nb/public/sharejump.php?type=25&uid=56764441
nanou_,因为在其它城市住过璞玉酒店，比较适合个人口味，这次出差上海直接预订了璞丽酒店，位置佳、出行方便。周边设施也很方便。,5,2017-09-13,https://m.mafengwo.cn/nb/public/sharejump.php?type=25&uid=64999031
wenxin,非常好，闹中取静。很有格调的酒店,5,2017-09-13,https://m.mafengwo.cn/nb/public/sharejump.php?type=25&uid=86369165
mudan,整体不错！但有个别前台职员服务态度不理想！有代改进！,5,2017-09-13,https://m.mafengwo.cn/nb/public/sharejump.php?type=25&uid=31497797
applepie,价位稍微好点，酒店内灯光有点暗,5,2017-09-13,https://m.mafengwo.cn/nb/public/sharejump.php?type=25&uid=66749805
cddie,绝佳地理位置，服务周到，房间布局极佳。,5,2017-09-13,https://m.mafengwo.cn/nb/public/sharejump.php?type=25&uid=50475201
大漠雪狼,属于超豪华酒店，LHW酒店，领导一直想住这家酒店，就是价格偏贵，特别是套房，几万，不过最后大家都比较满意。有机会还会选择入住。,5,2017-09-13,https://m.mafengwo.cn/nb/public/sharejump.php?type=25&uid=19967713
一叶梧桐,永远都是那么舒服优秀，终于开始习惯大厅的味道了，还是稍微浓重了点，可能老外习惯点，一般都会是在上海的第一选择。很喜欢璞丽,5,2017-09-13,https://m.mafengwo.cn/nb/public/sharejump.php?type=25&uid=19958828
chinesejapan,周边配套设施很齐全，酒店房间很古朴，不错的选择。,5,2017-09-13,https://m.mafengwo.cn/nb/public/sharejump.php?type=25&uid=56490699
jacquelinejj,超级赞的酒店非常棒值得推荐,5,2017-09-13,https://m.mafengwo.cn/nb/public/sharejump.php?type=25&uid=80954863
sinoye,不错不错不错不错不错不错不错不错不错不错不错不错不错不错不错不错不错不错不错不错,5,2017-09-13,https://m.mafengwo.cn/nb/public/sharejump.php?type=25&uid=59181873
maytse,属于比较时尚的精品酒店，设计感强，服务也不错。只是装潢用料非常便宜，感觉非常差，浴巾也很旧，基本上都是外国人多，不明白网上为何评价那么高。本人还是习惯于国际连锁酒店。,5,2017-09-13,https://m.mafengwo.cn/nb/public/sharejump.php?type=25&uid=81678564
豆豆乐乐过家家,地理位置很好，边上购物吃饭都很方便， 酒店也很不错，闹中取静，有别于一般的商务酒店，氛围很好，房间里的备品选的都很用心， 值得推荐，还会再住,5,2017-09-13,https://m.mafengwo.cn/nb/public/sharejump.php?type=25&uid=55571493
亚当的肋骨,做卫生的人员太差了，一开门门口全是垃圾，全扔在地上是什么情况，完全和五星级的酒店不搭配。还有酒店的泳池水质不好，游完了眼睛特别痛,5,2017-09-13,https://m.mafengwo.cn/nb/public/sharejump.php?type=25&uid=804726
shang,第三次入住，服务很好，商务出差，没有合适谈事的地方，有些不方便。,5,2017-09-13,https://m.mafengwo.cn/nb/public/sharejump.php?type=25&uid=38113797
tingting_he,每次都是住这个酒店，很不错,5,2017-09-13,https://m.mafengwo.cn/nb/public/sharejump.php?type=25&uid=38499581
ycfang,酒店虽然以接待海外游客为主，但是各个开关上面没有一个中文也是醉了。,5,2017-09-13,https://m.mafengwo.cn/nb/public/sharejump.php?type=25&uid=82743047
ericsa,"环境很好！！！！







！！！！！！！！！！！！！！！",5,2017-09-13,https://m.mafengwo.cn/nb/public/sharejump.php?type=25&uid=52398229
出走的维尼熊,房间里饮料免费随便喝 给力 酒店大隐隐于市 安静 淳朴 早餐不怎么给力 其他都非常好 推荐入住体验,5,2017-09-13,https://m.mafengwo.cn/nb/public/sharejump.php?type=25&uid=17559145
loveicedoll,整体环境好，离要办事的地方很近,5,2017-09-13,https://m.mafengwo.cn/nb/public/sharejump.php?type=25&uid=76612559
不会做生意的点点来,帮朋友订的，据说很不错哦。,5,2017-09-13,https://m.mafengwo.cn/nb/public/sharejump.php?type=25&uid=66601802
玩笑人物,把身份证复印件拿走不知所谓把身份证复印件拿走不知所谓把身份证复印件拿走不知所谓把身份证复印件拿走不知所谓把身份证复印件拿走不知所谓把身份证复印件拿走不知所谓把身份证复印件拿走不知所谓把身份证复印件拿走不知所谓把身份证复印件拿走不知所谓把身份证复印件拿走不知所谓把身份证复印件拿走不知所谓把身份证复印件拿走不知所谓把身份证复印件拿走不知所谓把身份证复印件拿走不知所谓把身份证复印件拿走不知所谓把身份证复印件拿走不知所谓把身份证复印件拿走不知所谓，摄像头不会看啊，摄像头有什么用。。。。。。,5,2017-09-13,https://m.mafengwo.cn/nb/public/sharejump.php?type=25&uid=242175
香香公主ljx,很用心的设计 非常好,5,2017-09-13,https://m.mafengwo.cn/nb/public/sharejump.php?type=25&uid=62397020
御用风水师,朋友推荐的，不错。值得推荐入住。酒店位置也很好。,5,2017-09-13,https://m.mafengwo.cn/nb/public/sharejump.php?type=25&uid=86724660
ezizh,隔音效果很好 世外桃源的感觉,5,2017-09-13,https://m.mafengwo.cn/nb/public/sharejump.php?type=25&uid=19998383
乌克兰第四方面军.m,酒店免费升房，还送了香槟，非常为客人考虑；入住的很多外国人，一楼大厅晚上也有party，mini bar免费（好像仅限行政楼层）；性价比非常高！周围商场很多，很方便。,5,2015-09-24,https://m.mafengwo.cn/nb/public/sharejump.php?type=25&uid=38804461
kouzikou,经常来住。。价格贵了点。。。游泳好地方,5,2017-09-13,https://m.mafengwo.cn/nb/public/sharejump.php?type=25&uid=85032118
xsi640,酒店很不错，个人觉得是去上海特别是在市中心的首选，客人非常的多，服务也蛮好的，有一点就是电视比较小。其他的都不错,5,2017-09-13,https://m.mafengwo.cn/nb/public/sharejump.php?type=25&uid=19993880
奔跑的火光,璞丽很好！就是常满房，位置好！,5,2017-09-13,https://m.mafengwo.cn/nb/public/sharejump.php?type=25&uid=68470461
angie,位置 房间都不错。 设施有点老旧了。 服务还可以。,5,2017-09-13,https://m.mafengwo.cn/nb/public/sharejump.php?type=25&uid=82050196
micky青青,满意，房间环境可以， 挺大的挺好的，很喜欢推荐,5,2017-09-13,https://m.mafengwo.cn/nb/public/sharejump.php?type=25&uid=38914564
robbin,一如既往的好，强烈推荐。价格再美丽一点就更好了。,5,2017-09-13,https://m.mafengwo.cn/nb/public/sharejump.php?type=25&uid=89894436
flowatering,很漂亮，空气好，近公园，room service 好好吃,5,2017-09-13,https://m.mafengwo.cn/nb/public/sharejump.php?type=25&uid=40598456
Niklaus,位于上海繁华的静安区核心，有地铁2号线和7号线静安寺站共构的便捷交通。,5,2015-07-05,https://m.mafengwo.cn/nb/public/sharejump.php?type=25&uid=49684441
美少女shino,酒店太精致了，我是建筑师，它的大堂、书吧、spa、客房，每个角落都是作品，空间丰富、色彩优雅柔和、低调中突显奢华，是我见过的最优秀的酒店之一，客房每个空间都是那么让人宾至如归，还会常来的。,5,2017-09-13,https://m.mafengwo.cn/nb/public/sharejump.php?type=25&uid=19991569
teresa,"经常要越洋开会，从来没想过住璞丽，但刚好和团队一起住璞丽，本着大大的希望入住...

结果，凌晨2点半，洗完澡用吹风机，吹风机炸了！火花四射！差点把头发都烧掉了~等了一个多小时才换掉...",5,2017-09-13,https://m.mafengwo.cn/nb/public/sharejump.php?type=25&uid=34184711
古德里安,来不及体验全部设施设备，就离开了~~下次再考虑住,5,2017-09-13,https://m.mafengwo.cn/nb/public/sharejump.php?type=25&uid=19997996
水波,房间环境可以 挺大的挺好的推荐,5,2017-09-13,https://m.mafengwo.cn/nb/public/sharejump.php?type=25&uid=19997350
JAMES（老北京）,是冲着设计师Jaya去的，大堂和房间的设计感很强，用很现代的手法组织很东方的设计语汇，服务也还不错，mini 吧是免费的，体验了一下酒店的SPA，很用心，手法也不错。,5,2017-09-13,https://m.mafengwo.cn/nb/public/sharejump.php?type=25&uid=19995785
tiancaiokok,第二次入住了，依旧贴心，最主要地理位置好，吃饭逛街都很近,5,2017-09-13,https://m.mafengwo.cn/nb/public/sharejump.php?type=25&uid=40374017
flexibility,交通方便设施完备，游泳池的水温相对于小朋友而言，偏凉,5,2017-09-13,https://m.mafengwo.cn/nb/public/sharejump.php?type=25&uid=55918472
sally单,高架桥噪音大，酒店服务和地段都很棒，有免费提供婴儿浴盆婴儿床和强生沐浴洗护比较贴心,5,2017-09-13,https://m.mafengwo.cn/nb/public/sharejump.php?type=25&uid=47765025
topbuyerr,非常开心的体验，以后来上海一定还选择这里,5,2015-09-24,https://m.mafengwo.cn/nb/public/sharejump.php?type=25&uid=78259519
xiaoxiaotudou,真的好，十分好，特别好，还会入住,5,2017-09-13,https://m.mafengwo.cn/nb/public/sharejump.php?type=25&uid=63269139
erinpan,非常非常好的酒店，位置好服务好设施好！,5,2017-09-13,https://m.mafengwo.cn/nb/public/sharejump.php?type=25&uid=73215290
louancn,非常好 在上海出差常住的酒店 值得推荐,5,2017-09-13,https://m.mafengwo.cn/nb/public/sharejump.php?type=25&uid=86187636
shkid,时间定错了 不能退也不能改 并且没有工作人员确认 直接就从信用卡上扣款了  而且是三千八百多，酒店这一点确实让人很窝火，其他还好。,5,2017-09-13,https://m.mafengwo.cn/nb/public/sharejump.php?type=25&uid=47280451
yciciy,很好 风格新颖 闹中取静 服务至上的好酒店,5,2017-09-13,https://m.mafengwo.cn/nb/public/sharejump.php?type=25&uid=47545627
低调dee小猪,等待入住时间略长，服务倒是挺好，房间略小搭配还不错，整体80分吧,5,2017-09-13,https://m.mafengwo.cn/nb/public/sharejump.php?type=25&uid=19953401
kkeeaai,升了套间，软件硬件都不错，早餐尤其赞，值得一试～,5,2017-09-13,https://m.mafengwo.cn/nb/public/sharejump.php?type=25&uid=87236725
丁逸潇,五星级酒店五星级的服务和享受，环境没得说，地理位置也优越，闹中取静，非常棒的体验,5,2017-09-13,https://m.mafengwo.cn/nb/public/sharejump.php?type=25&uid=250978
nuanshu暖树,必须给赞，上海酒店目前的唯一选择，地理位置都没得说…,5,2017-09-13,https://m.mafengwo.cn/nb/public/sharejump.php?type=25&uid=62768886
south_,非常好 环境优美 值得一住,5,2017-09-13,https://m.mafengwo.cn/nb/public/sharejump.php?type=25&uid=82927175
wayne_,服务和硬件都非常好！旁边是静安公园，酒店内的环境也很不错！,5,2017-09-13,https://m.mafengwo.cn/nb/public/sharejump.php?type=25&uid=83376170
歪猫让你靓,吃喝玩乐一网打尽，尤其是购物特别方便，地铁公交就在楼下。只是高峰时间或下雨天打车去市区其他比较近的地方，不太容易叫到车，可以通过地铁出行,5,2017-09-13,https://m.mafengwo.cn/nb/public/sharejump.php?type=25&uid=86453953
kaixinba,值得推荐，闹中取静，静安寺商业圈内！酒店品质也很好！,5,2017-09-13,https://m.mafengwo.cn/nb/public/sharejump.php?type=25&uid=19996753
kazeken,非常棒的酒店，床品舒适，而且享受mini吧的免费畅饮。酒店整体的装修很有格调，性比价超高，还会入住～,5,2017-09-13,https://m.mafengwo.cn/nb/public/sharejump.php?type=25&uid=62470113
king_k,酒店设计漂亮，地段好，周围吃喝玩乐一网打尽；服务也是很周到，有宾至如归的感觉。以后一定还是会再来入住的。,5,2017-09-13,https://m.mafengwo.cn/nb/public/sharejump.php?type=25&uid=31724705
起个响亮的,酒店地处上海静安寺核心商圈，吃喝玩乐一网打尽，尤其是购物特别方便，地铁公交就在楼下。只是高峰时间或下雨天打车去市区其他比较近的地方，不太容易叫到车，可以通过地铁出行。酒店整体设计融入了中国古典元素，线条简洁流畅不繁复，处处都有雅致的细节体现，尤其是在退房的时候在大厅等候，还看到茶几上面放了一套杨家将的画书，实在难得。这次入住要特别感谢一下酒店的经理！！头一天晚上入住以后开始发烧，通行的其他家人也都没有休息好，怀疑是空调出风口正对床吹得缘故。就此问题像酒店进行了反馈，结果酒店很快通知经理，经理亲自到房间查看问题，并及时安排工程师到现场解决问题。而且为了表示歉意还将我们的房间进行了升级。对酒店这种为客人着想，及时帮助客人解决问题的态度和工作方式我深表认同和感谢！冲着酒店这服务态度，以后上海之行璞丽酒店必是首选！！,5,2017-09-13,https://m.mafengwo.cn/nb/public/sharejump.php?type=25&uid=19992891
jzhang,闹中取静，地理位置很好 早餐不大丰富,5,2015-08-31,https://m.mafengwo.cn/nb/public/sharejump.php?type=25&uid=46147459
豌豆上的公主s,"地理位置优越 环境特别好 每次都住这里 非常安静 关键服务太棒了！
希望大家都来这里入住！",5,2017-09-13,https://m.mafengwo.cn/nb/public/sharejump.php?type=25&uid=54866932
xiyangyouyu,常来上海，这个酒店第一次住，挺好的。以后定点了，希望不要变差。,5,2017-09-13,https://m.mafengwo.cn/nb/public/sharejump.php?type=25&uid=64888389
danwang_a,非常好，从装修到服务，很喜欢这样的氛围，交通便利，周围很繁华。,5,2015-09-17,https://m.mafengwo.cn/nb/public/sharejump.php?type=25&uid=77654771
yangmeng,推荐，各方面都不错。,5,2017-09-13,https://m.mafengwo.cn/nb/public/sharejump.php?type=25&uid=36328652
ffo十年磨一剑,璞丽酒店一如既往的好，这几年住了好几次。,5,2017-09-13,https://m.mafengwo.cn/nb/public/sharejump.php?type=25&uid=39757299
千崖秋色,非常好，绝对值得入住，太棒了,5,2017-09-13,https://m.mafengwo.cn/nb/public/sharejump.php?type=25&uid=19955685
京酱rose,酒店环境不错，酒店的用品很喜欢！,5,2017-09-13,https://m.mafengwo.cn/nb/public/sharejump.php?type=25&uid=50568873
天朗,酒店环境特好，酒店的用品特喜欢！,5,2017-09-13,https://m.mafengwo.cn/nb/public/sharejump.php?type=25&uid=19960170
wenmaoseanwe,设计感超棒！服务也非常贴心！地处静安寺旁边！逛街购物餐饮娱乐超方便！去上海必住！,5,2017-09-13,https://m.mafengwo.cn/nb/public/sharejump.php?type=25&uid=40390610
亲一下就跑,很适合城市度假的一家酒店去南京西路和淮海路都方便,5,2017-09-13,https://m.mafengwo.cn/nb/public/sharejump.php?type=25&uid=85123707
